Time,Vx,Vy
-0.004375,-0.043645722,-0.014456113
-0.004348958,-0.043645722,-0.014456113
-0.004322917,-0.043645722,-0.014456113
-0.004296875,-0.043645722,-0.014456113
-0.004270833,-0.043645722,-0.015812897
-0.004244792,-0.042188436,-0.015812897
-0.00421875,-0.043645722,-0.015134505
-0.004192708,-0.043645722,-0.014456113
-0.004166667,-0.043645722,-0.013777721
-0.004140625,-0.043645722,-0.014456113
-0.004114583,-0.042188436,-0.014456113
-0.004088542,-0.043645722,-0.013777721
-0.0040625,-0.045103009,-0.014456113
-0.004036458,-0.043645722,-0.014456113
-0.004010417,-0.043645722,-0.013099329
-0.003984375,-0.045103009,-0.013777721
-0.003958333,-0.043645722,-0.013777721
-0.003932292,-0.045103009,-0.013777721
-0.00390625,-0.043645722,-0.013777721
-0.003880208,-0.045103009,-0.014456113
-0.003854167,-0.045103009,-0.014456113
-0.003828125,-0.043645722,-0.015134505
-0.003802083,-0.043645722,-0.015134505
-0.003776042,-0.043645722,-0.014456113
-0.00375,-0.043645722,-0.013777721
-0.003723958,-0.043645722,-0.014456113
-0.003697917,-0.043645722,-0.013777721
-0.003671875,-0.043645722,-0.014456113
-0.003645833,-0.043645722,-0.014456113
-0.003619792,-0.043645722,-0.015134505
-0.00359375,-0.043645722,-0.015134505
-0.003567708,-0.043645722,-0.014456113
-0.003541667,-0.043645722,-0.014456113
-0.003515625,-0.043645722,-0.014456113
-0.003489583,-0.043645722,-0.015134505
-0.003463542,-0.042188436,-0.015134505
-0.0034375,-0.043645722,-0.015134505
-0.003411458,-0.043645722,-0.015134505
-0.003385417,-0.045103009,-0.015134505
-0.003359375,-0.043645722,-0.015134505
-0.003333333,-0.043645722,-0.014456113
-0.003307292,-0.043645722,-0.013777721
-0.00328125,-0.043645722,-0.013099329
-0.003255208,-0.043645722,-0.013099329
-0.003229167,-0.043645722,-0.013777721
-0.003203125,-0.043645722,-0.013099329
-0.003177083,-0.045103009,-0.014456113
-0.003151042,-0.043645722,-0.013777721
-0.003125,-0.043645722,-0.014456113
-0.003098958,-0.043645722,-0.013099329
-0.003072917,-0.043645722,-0.014456113
-0.003046875,-0.045103009,-0.013099329
-0.003020833,-0.045103009,-0.013099329
-0.002994792,-0.045103009,-0.014456113
-0.00296875,-0.043645722,-0.013777721
-0.002942708,-0.045103009,-0.014456113
-0.002916667,-0.043645722,-0.013777721
-0.002890625,-0.045103009,-0.013777721
-0.002864583,-0.043645722,-0.015134505
-0.002838542,-0.043645722,-0.014456113
-0.0028125,-0.043645722,-0.015134505
-0.002786458,-0.045103009,-0.015134505
-0.002760417,-0.043645722,-0.015134505
-0.002734375,-0.043645722,-0.014456113
-0.002708333,-0.043645722,-0.014456113
-0.002682292,-0.043645722,-0.015134505
-0.00265625,-0.043645722,-0.015134505
-0.002630208,-0.043645722,-0.015812897
-0.002604167,-0.043645722,-0.015134505
-0.002578125,-0.045103009,-0.015812897
-0.002552083,-0.043645722,-0.015812897
-0.002526042,-0.043645722,-0.015134505
-0.0025,-0.043645722,-0.014456113
-0.002473958,-0.043645722,-0.014456113
-0.002447917,-0.045103009,-0.014456113
-0.002421875,-0.043645722,-0.013777721
-0.002395833,-0.043645722,-0.014456113
-0.002369792,-0.043645722,-0.013777721
-0.00234375,-0.043645722,-0.014456113
-0.002317708,-0.042188436,-0.013777721
-0.002291667,-0.043645722,-0.013777721
-0.002265625,-0.043645722,-0.014456113
-0.002239583,-0.043645722,-0.014456113
-0.002213542,-0.043645722,-0.013777721
-0.0021875,-0.043645722,-0.015134505
-0.002161458,-0.043645722,-0.014456113
-0.002135417,-0.043645722,-0.014456113
-0.002109375,-0.045103009,-0.014456113
-0.002083333,-0.045103009,-0.013099329
-0.002057292,-0.045103009,-0.013777721
-0.00203125,-0.043645722,-0.013099329
-0.002005208,-0.043645722,-0.013777721
-0.001979167,-0.043645722,-0.013777721
-0.001953125,-0.043645722,-0.014456113
-0.001927083,-0.043645722,-0.014456113
-0.001901042,-0.043645722,-0.015134505
-0.001875,-0.043645722,-0.015134505
-0.001848958,-0.043645722,-0.015134505
-0.001822917,-0.045103009,-0.014456113
-0.001796875,-0.043645722,-0.013777721
-0.001770833,-0.043645722,-0.014456113
-0.001744792,-0.043645722,-0.014456113
-0.00171875,-0.043645722,-0.014456113
-0.001692708,-0.043645722,-0.013777721
-0.001666667,-0.043645722,-0.013777721
-0.001640625,-0.043645722,-0.014456113
-0.001614583,-0.043645722,-0.015134505
-0.001588542,-0.043645722,-0.014456113
-0.0015625,-0.042188436,-0.014456113
-0.001536458,-0.042188436,-0.013777721
-0.001510417,-0.042188436,-0.014456113
-0.001484375,-0.042188436,-0.013099329
-0.001458333,-0.045103009,-0.014456113
-0.001432292,-0.043645722,-0.014456113
-0.00140625,-0.045103009,-0.013777721
-0.001380208,-0.043645722,-0.013777721
-0.001354167,-0.043645722,-0.013099329
-0.001328125,-0.042188436,-0.013777721
-0.001302083,-0.043645722,-0.013777721
-0.001276042,-0.045103009,-0.013777721
-0.00125,-0.043645722,-0.013777721
-0.001223958,-0.043645722,-0.014456113
-0.001197917,-0.043645722,-0.014456113
-0.001171875,-0.043645722,-0.014456113
-0.001145833,-0.043645722,-0.014456113
-0.001119792,-0.043645722,-0.013777721
-0.00109375,-0.043645722,-0.013777721
-0.001067708,-0.043645722,-0.014456113
-0.001041667,-0.043645722,-0.014456113
-0.001015625,-0.043645722,-0.014456113
-0.000989583,-0.043645722,-0.014456113
-0.000963542,-0.043645722,-0.014456113
-0.0009375,-0.043645722,-0.014456113
-0.000911458,-0.042188436,-0.013099329
-0.000885417,-0.043645722,-0.012420937
-0.000859375,-0.042188436,-0.013099329
-0.000833333,-0.043645722,-0.013099329
-0.000807292,-0.043645722,-0.013777721
-0.00078125,-0.043645722,-0.013099329
-0.000755208,-0.042188436,-0.013099329
-0.000729167,-0.043645722,-0.014456113
-0.000703125,-0.043645722,-0.013777721
-0.000677083,-0.042188436,-0.013099329
-0.000651042,-0.042188436,-0.013099329
-0.000625,-0.043645722,-0.013099329
-0.000598958,-0.043645722,-0.013099329
-0.000572917,-0.043645722,-0.013099329
-0.000546875,-0.043645722,-0.013777721
-0.000520833,-0.043645722,-0.013099329
-0.000494792,-0.043645722,-0.013099329
-0.00046875,-0.043645722,-0.013099329
-0.000442708,-0.043645722,-0.013777721
-0.000416667,-0.043645722,-0.013777721
-0.000390625,-0.042188436,-0.013777721
-0.000364583,-0.043645722,-0.014456113
-0.000338542,-0.043645722,-0.015134505
-0.0003125,-0.043645722,-0.014456113
-0.000286458,-0.043645722,-0.015134505
-0.000260417,-0.045103009,-0.014456113
-0.000234375,-0.043645722,-0.013777721
-0.000208333,-0.045103009,-0.014456113
-0.000182292,-0.043645722,-0.015134505
-0.00015625,-0.043645722,-0.014456113
-0.000130208,-0.043645722,-0.015134505
-0.000104167,-0.043645722,-0.014456113
-7.81E-05,-0.043645722,-0.014456113
-5.21E-05,-0.043645722,-0.013777721
-2.60E-05,-0.043645722,-0.014456113
-1.38E-10,2.445399477,0.718885651
2.60E-05,2.341932142,0.64426253
5.21E-05,2.347761287,0.644940922
7.81E-05,2.35067586,0.646297706
0.000104167,2.352133147,0.646297706
0.000130208,2.353590433,0.646297706
0.00015625,2.35504772,0.646976098
0.000182292,2.356505006,0.646976098
0.000208333,2.356505006,0.64765449
0.000234375,2.359419579,0.64765449
0.000260417,2.359419579,0.648332882
0.000286458,2.360876865,0.649011274
0.0003125,2.363791438,0.649011274
0.000338542,2.363791438,0.649689666
0.000364583,2.363791438,0.649689666
0.000390625,2.365248724,0.649689666
0.000416667,2.368163297,0.649011274
0.000442708,2.369620584,0.649011274
0.00046875,2.369620584,0.650368058
0.000494792,2.372535157,0.649689666
0.000520833,2.372535157,0.649689666
0.000546875,2.372535157,0.649689666
0.000572917,2.373992443,0.649689666
0.000598958,2.372535157,0.649689666
0.000625,2.372535157,0.649689666
0.000651042,2.373992443,0.650368058
0.000677083,2.373992443,0.650368058
0.000703125,2.375449729,0.650368058
0.000729167,2.375449729,0.650368058
0.000755208,2.376907016,0.65104645
0.00078125,2.376907016,0.65104645
0.000807292,2.376907016,0.651724842
0.000833333,2.379821589,0.651724842
0.000859375,2.378364302,0.651724842
0.000885417,2.379821589,0.651724842
0.000911458,2.378364302,0.651724842
0.0009375,2.379821589,0.652403234
0.000963542,2.381278875,0.652403234
0.000989583,2.381278875,0.651724842
0.001015625,2.381278875,0.651724842
0.001041667,2.381278875,0.65104645
0.001067708,2.382736161,0.65104645
0.00109375,2.382736161,0.651724842
0.001119792,2.382736161,0.65104645
0.001145833,2.382736161,0.65104645
0.001171875,2.384193448,0.65104645
0.001197917,2.384193448,0.65104645
0.001223958,2.384193448,0.651724842
0.00125,2.385650734,0.651724842
0.001276042,2.385650734,0.651724842
0.001302083,2.385650734,0.651724842
0.001328125,2.387108021,0.651724842
0.001354167,2.387108021,0.652403234
0.001380208,2.388565307,0.653081626
0.00140625,2.388565307,0.652403234
0.001432292,2.387108021,0.652403234
0.001458333,2.388565307,0.651724842
0.001484375,2.388565307,0.652403234
0.001510417,2.388565307,0.652403234
0.001536458,2.388565307,0.652403234
0.0015625,2.388565307,0.652403234
0.001588541,2.390022594,0.652403234
0.001614583,2.390022594,0.651724842
0.001640625,2.390022594,0.652403234
0.001666666,2.392937166,0.651724842
0.001692708,2.392937166,0.652403234
0.00171875,2.392937166,0.651724842
0.001744791,2.392937166,0.651724842
0.001770833,2.392937166,0.651724842
0.001796875,2.392937166,0.651724842
0.001822916,2.392937166,0.651724842
0.001848958,2.392937166,0.651724842
0.001875,2.394394453,0.652403234
0.001901041,2.394394453,0.653081626
0.001927083,2.394394453,0.653760018
0.001953125,2.394394453,0.653081626
0.001979166,2.394394453,0.653760018
0.002005208,2.395851739,0.653081626
0.00203125,2.395851739,0.653760018
0.002057291,2.395851739,0.653081626
0.002083333,2.395851739,0.653081626
0.002109375,2.397309026,0.653760018
0.002135416,2.395851739,0.653081626
0.002161458,2.397309026,0.653081626
0.0021875,2.397309026,0.652403234
0.002213541,2.397309026,0.653760018
0.002239583,2.397309026,0.653081626
0.002265625,2.397309026,0.653081626
0.002291666,2.398766312,0.653081626
0.002317708,2.398766312,0.653081626
0.00234375,2.398766312,0.653081626
0.002369791,2.398766312,0.653081626
0.002395833,2.398766312,0.652403234
0.002421875,2.398766312,0.653081626
0.002447916,2.400223598,0.653760018
0.002473958,2.398766312,0.653081626
0.0025,2.400223598,0.653081626
0.002526041,2.400223598,0.653760018
0.002552083,2.400223598,0.653081626
0.002578125,2.401680885,0.653760018
0.002604166,2.401680885,0.653760018
0.002630208,2.401680885,0.653081626
0.00265625,2.401680885,0.653760018
0.002682291,2.400223598,0.653081626
0.002708333,2.401680885,0.653081626
0.002734375,2.401680885,0.652403234
0.002760416,2.401680885,0.652403234
0.002786458,2.401680885,0.652403234
0.0028125,2.401680885,0.652403234
0.002838541,2.403138171,0.653081626
0.002864583,2.403138171,0.653760018
0.002890625,2.403138171,0.653760018
0.002916666,2.403138171,0.653760018
0.002942708,2.403138171,0.65443841
0.00296875,2.403138171,0.65443841
0.002994791,2.404595458,0.65443841
0.003020833,2.404595458,0.65443841
0.003046875,2.404595458,0.653760018
0.003072916,2.404595458,0.653760018
0.003098958,2.404595458,0.653760018
0.003125,2.406052744,0.653760018
0.003151041,2.404595458,0.65443841
0.003177083,2.404595458,0.65443841
0.003203125,2.406052744,0.65443841
0.003229166,2.406052744,0.653760018
0.003255208,2.406052744,0.653760018
0.00328125,2.404595458,0.653760018
0.003307291,2.407510031,0.653081626
0.003333333,2.407510031,0.653081626
0.003359375,2.406052744,0.653760018
0.003385416,2.407510031,0.652403234
0.003411458,2.407510031,0.653760018
0.0034375,2.406052744,0.653081626
0.003463541,2.407510031,0.653081626
0.003489583,2.407510031,0.653760018
0.003515625,2.407510031,0.653760018
0.003541666,2.407510031,0.65443841
0.003567708,2.408967317,0.65443841
0.00359375,2.410424603,0.65443841
0.003619791,2.410424603,0.653081626
0.003645833,2.410424603,0.65443841
0.003671875,2.410424603,0.65443841
0.003697916,2.41188189,0.65443841
0.003723958,2.41188189,0.65443841
0.00375,2.41188189,0.653760018
0.003776041,2.410424603,0.653081626
0.003802083,2.410424603,0.653760018
0.003828125,2.41188189,0.653081626
0.003854166,2.41188189,0.653081626
0.003880208,2.41188189,0.653081626
0.00390625,2.41188189,0.653081626
0.003932291,2.413339176,0.653760018
0.003958333,2.41188189,0.653760018
0.003984375,2.414796463,0.655116802
0.004010416,2.413339176,0.653760018
0.004036458,2.413339176,0.653760018
0.0040625,2.414796463,0.653760018
0.004088541,2.413339176,0.653760018
0.004114583,2.414796463,0.653760018
0.004140625,2.414796463,0.653081626
0.004166666,2.414796463,0.653760018
0.004192708,2.414796463,0.653760018
0.00421875,2.414796463,0.653760018
0.004244791,2.414796463,0.653081626
0.004270833,2.414796463,0.653081626
0.004296875,2.414796463,0.653081626
0.004322916,2.414796463,0.652403234
0.004348958,2.416253749,0.653081626
0.004375,2.416253749,0.653760018
0.004401041,2.416253749,0.653760018
0.004427083,2.417711035,0.653081626
0.004453125,2.417711035,0.653760018
0.004479166,2.417711035,0.65443841
0.004505208,2.417711035,0.653760018
0.00453125,2.416253749,0.653760018
0.004557291,2.417711035,0.653081626
0.004583333,2.419168322,0.653760018
0.004609375,2.417711035,0.65443841
0.004635416,2.420625608,0.653760018
0.004661458,2.419168322,0.653760018
0.0046875,2.419168322,0.653760018
0.004713541,2.419168322,0.653081626
0.004739583,2.419168322,0.653081626
0.004765625,2.420625608,0.653760018
0.004791666,2.420625608,0.653760018
0.004817708,2.420625608,0.653760018
0.00484375,2.419168322,0.653081626
0.004869791,2.419168322,0.653081626
0.004895833,2.420625608,0.653760018
0.004921875,2.420625608,0.653081626
0.004947916,2.420625608,0.653081626
0.004973958,2.420625608,0.653760018
0.005,2.420625608,0.653760018
0.005026041,2.420625608,0.653760018
0.005052083,2.420625608,0.653081626
0.005078125,2.420625608,0.653760018
0.005104166,2.422082895,0.652403234
0.005130208,2.422082895,0.653081626
0.00515625,2.422082895,0.652403234
0.005182291,2.422082895,0.653081626
0.005208333,2.422082895,0.653760018
0.005234375,2.422082895,0.653760018
0.005260416,2.422082895,0.65443841
0.005286458,2.422082895,0.653760018
0.0053125,2.423540181,0.653081626
0.005338541,2.422082895,0.653760018
0.005364583,2.423540181,0.653081626
0.005390625,2.423540181,0.653760018
0.005416666,2.423540181,0.653760018
0.005442708,2.423540181,0.653081626
0.00546875,2.423540181,0.652403234
0.005494791,2.423540181,0.653081626
0.005520833,2.423540181,0.653081626
0.005546875,2.423540181,0.653760018
0.005572916,2.424997468,0.65443841
0.005598958,2.426454754,0.653760018
0.005625,2.424997468,0.653760018
0.005651041,2.424997468,0.653760018
0.005677083,2.426454754,0.653760018
0.005703125,2.426454754,0.653081626
0.005729166,2.426454754,0.653760018
0.005755208,2.42791204,0.653081626
0.00578125,2.426454754,0.652403234
0.005807291,2.426454754,0.652403234
0.005833333,2.426454754,0.653760018
0.005859375,2.426454754,0.653760018
0.005885416,2.426454754,0.653081626
0.005911458,2.426454754,0.653081626
0.0059375,2.426454754,0.653081626
0.005963541,2.42791204,0.653081626
0.005989583,2.42791204,0.653081626
0.006015625,2.429369327,0.653081626
0.006041666,2.429369327,0.653081626
0.006067708,2.42791204,0.652403234
0.00609375,2.42791204,0.653081626
0.006119791,2.42791204,0.653760018
0.006145833,2.42791204,0.653081626
0.006171875,2.429369327,0.653081626
0.006197916,2.42791204,0.652403234
0.006223958,2.42791204,0.653760018
0.00625,2.42791204,0.653081626
0.006276041,2.429369327,0.653081626
0.006302083,2.429369327,0.653081626
0.006328125,2.430826613,0.653760018
0.006354166,2.430826613,0.653081626
0.006380208,2.429369327,0.653081626
0.00640625,2.429369327,0.653760018
0.006432291,2.429369327,0.653081626
0.006458333,2.430826613,0.653081626
0.006484375,2.430826613,0.653081626
0.006510416,2.430826613,0.652403234
0.006536458,2.4322839,0.652403234
0.0065625,2.433741186,0.652403234
0.006588541,2.4322839,0.652403234
0.006614583,2.430826613,0.653081626
0.006640625,2.4322839,0.653760018
0.006666666,2.433741186,0.652403234
0.006692708,2.433741186,0.653081626
0.00671875,2.433741186,0.653081626
0.006744791,2.433741186,0.652403234
0.006770833,2.433741186,0.653081626
0.006796875,2.435198472,0.653081626
0.006822916,2.433741186,0.653760018
0.006848958,2.433741186,0.653760018
0.006875,2.433741186,0.653081626
0.006901041,2.435198472,0.65443841
0.006927083,2.433741186,0.653760018
0.006953125,2.433741186,0.653081626
0.006979166,2.433741186,0.653081626
0.007005208,2.433741186,0.653081626
0.00703125,2.433741186,0.653081626
0.007057291,2.433741186,0.653081626
0.007083333,2.433741186,0.653760018
0.007109375,2.435198472,0.653760018
0.007135416,2.435198472,0.653081626
0.007161458,2.435198472,0.653760018
0.0071875,2.436655759,0.653081626
0.007213541,2.435198472,0.653081626
0.007239583,2.436655759,0.653081626
0.007265625,2.436655759,0.653081626
0.007291666,2.435198472,0.653081626
0.007317708,2.435198472,0.652403234
0.00734375,2.435198472,0.653081626
0.007369791,2.436655759,0.652403234
0.007395833,2.436655759,0.653081626
0.007421875,2.436655759,0.653081626
0.007447916,2.436655759,0.653081626
0.007473958,2.436655759,0.653081626
0.0075,2.438113045,0.653081626
0.007526041,2.438113045,0.652403234
0.007552083,2.438113045,0.652403234
0.007578125,2.439570332,0.652403234
0.007604166,2.439570332,0.653081626
0.007630208,2.439570332,0.653081626
0.00765625,2.439570332,0.652403234
0.007682291,2.441027618,0.652403234
0.007708333,2.441027618,0.652403234
0.007734375,2.441027618,0.652403234
0.007760416,2.441027618,0.653081626
0.007786458,2.441027618,0.653081626
0.0078125,2.441027618,0.653760018
0.007838541,2.441027618,0.653081626
0.007864583,2.441027618,0.653081626
0.007890625,2.442484905,0.652403234
0.007916666,2.442484905,0.653081626
0.007942708,2.442484905,0.653081626
0.00796875,2.442484905,0.653081626
0.007994791,2.442484905,0.652403234
0.008020833,2.442484905,0.653081626
0.008046875,2.442484905,0.653081626
0.008072916,2.442484905,0.653081626
0.008098958,2.443942191,0.652403234
0.008125,2.443942191,0.652403234
0.008151041,2.443942191,0.651724842
0.008177083,2.442484905,0.653081626
0.008203125,2.443942191,0.652403234
0.008229166,2.443942191,0.653081626
0.008255208,2.443942191,0.653081626
0.00828125,2.443942191,0.651724842
0.008307291,2.443942191,0.651724842
0.008333333,2.443942191,0.651724842
0.008359375,2.443942191,0.653081626
0.008385416,2.445399477,0.652403234
0.008411458,2.445399477,0.653081626
0.0084375,2.445399477,0.652403234
0.008463541,2.443942191,0.652403234
0.008489583,2.445399477,0.653081626
0.008515625,2.445399477,0.653081626
0.008541666,2.445399477,0.653760018
0.008567708,2.445399477,0.653760018
0.00859375,2.443942191,0.653760018
0.008619791,2.445399477,0.653081626
0.008645833,2.446856764,0.653081626
0.008671875,2.446856764,0.653760018
0.008697916,2.446856764,0.653081626
0.008723958,2.446856764,0.653081626
0.00875,2.446856764,0.653081626
0.008776041,2.446856764,0.652403234
0.008802083,2.446856764,0.652403234
0.008828125,2.446856764,0.652403234
0.008854166,2.446856764,0.652403234
0.008880208,2.44831405,0.652403234
0.00890625,2.446856764,0.651724842
0.008932291,2.446856764,0.652403234
0.008958333,2.44831405,0.653081626
0.008984375,2.44831405,0.652403234
0.009010416,2.44831405,0.652403234
0.009036458,2.446856764,0.653081626
0.0090625,2.44831405,0.652403234
0.009088541,2.44831405,0.652403234
0.009114583,2.44831405,0.653081626
0.009140625,2.449771337,0.653081626
0.009166666,2.44831405,0.653081626
0.009192708,2.449771337,0.652403234
0.00921875,2.44831405,0.652403234
0.009244791,2.449771337,0.651724842
0.009270833,2.449771337,0.652403234
0.009296875,2.449771337,0.652403234
0.009322916,2.449771337,0.651724842
0.009348958,2.449771337,0.651724842
0.009375,2.449771337,0.652403234
0.009401041,2.449771337,0.653081626
0.009427083,2.44831405,0.653081626
0.009453125,2.449771337,0.653081626
0.009479166,2.449771337,0.653081626
0.009505208,2.449771337,0.652403234
0.00953125,2.449771337,0.652403234
0.009557291,2.449771337,0.653081626
0.009583333,2.451228623,0.652403234
0.009609375,2.449771337,0.652403234
0.009635416,2.451228623,0.653081626
0.009661458,2.451228623,0.653081626
0.0096875,2.451228623,0.652403234
0.009713541,2.451228623,0.653081626
0.009739583,2.451228623,0.653081626
0.009765625,2.451228623,0.652403234
0.009791666,2.451228623,0.652403234
0.009817708,2.451228623,0.652403234
0.00984375,2.451228623,0.652403234
0.009869791,2.451228623,0.653081626
0.009895833,2.451228623,0.653760018
0.009921875,2.452685909,0.653081626
0.009947916,2.452685909,0.652403234
0.009973958,2.452685909,0.653081626
0.01,2.452685909,0.652403234
0.010026041,2.452685909,0.651724842
0.010052083,2.454143196,0.651724842
0.010078125,2.454143196,0.651724842
0.010104166,2.454143196,0.651724842
0.010130208,2.454143196,0.652403234
0.01015625,2.454143196,0.651724842
0.010182291,2.454143196,0.652403234
0.010208333,2.454143196,0.651724842
0.010234375,2.455600482,0.652403234
0.010260416,2.455600482,0.653081626
0.010286458,2.455600482,0.651724842
0.0103125,2.454143196,0.652403234
0.010338541,2.454143196,0.652403234
0.010364583,2.455600482,0.652403234
0.010390625,2.454143196,0.652403234
0.010416666,2.455600482,0.651724842
0.010442708,2.455600482,0.653081626
0.01046875,2.457057769,0.652403234
0.010494791,2.457057769,0.651724842
0.010520833,2.457057769,0.651724842
0.010546875,2.455600482,0.651724842
0.010572916,2.455600482,0.652403234
0.010598958,2.455600482,0.652403234
0.010625,2.457057769,0.652403234
0.010651041,2.457057769,0.652403234
0.010677083,2.457057769,0.651724842
0.010703125,2.455600482,0.652403234
0.010729166,2.457057769,0.651724842
0.010755208,2.457057769,0.65104645
0.01078125,2.458515055,0.651724842
0.010807291,2.458515055,0.652403234
0.010833333,2.459972342,0.651724842
0.010859375,2.458515055,0.652403234
0.010885416,2.458515055,0.652403234
0.010911458,2.458515055,0.652403234
0.0109375,2.458515055,0.652403234
0.010963541,2.458515055,0.653081626
0.010989583,2.459972342,0.652403234
0.011015625,2.459972342,0.651724842
0.011041666,2.459972342,0.651724842
0.011067708,2.459972342,0.651724842
0.01109375,2.459972342,0.651724842
0.011119791,2.459972342,0.651724842
0.011145833,2.459972342,0.651724842
0.011171875,2.459972342,0.65104645
0.011197916,2.462886914,0.65104645
0.011223958,2.461429628,0.651724842
0.01125,2.462886914,0.65104645
0.011276041,2.462886914,0.65104645
0.011302083,2.462886914,0.65104645
0.011328125,2.461429628,0.65104645
0.011354166,2.461429628,0.651724842
0.011380208,2.459972342,0.651724842
0.01140625,2.461429628,0.65104645
0.011432291,2.459972342,0.65104645
0.011458333,2.462886914,0.651724842
0.011484375,2.462886914,0.65104645
0.011510416,2.462886914,0.65104645
0.011536458,2.462886914,0.651724842
0.0115625,2.462886914,0.651724842
0.011588541,2.462886914,0.651724842
0.011614583,2.462886914,0.65104645
0.011640625,2.462886914,0.65104645
0.011666666,2.462886914,0.65104645
0.011692708,2.464344201,0.65104645
0.01171875,2.464344201,0.65104645
0.011744791,2.464344201,0.650368058
0.011770833,2.465801487,0.650368058
0.011796875,2.464344201,0.650368058
0.011822916,2.464344201,0.650368058
0.011848958,2.465801487,0.649689666
0.011875,2.465801487,0.65104645
0.011901041,2.464344201,0.650368058
0.011927083,2.465801487,0.65104645
0.011953125,2.465801487,0.65104645
0.011979166,2.465801487,0.651724842
0.012005208,2.465801487,0.65104645
0.01203125,2.465801487,0.65104645
0.012057291,2.465801487,0.65104645
0.012083333,2.465801487,0.650368058
0.012109375,2.465801487,0.65104645
0.012135416,2.467258774,0.650368058
0.012161458,2.465801487,0.650368058
0.0121875,2.46871606,0.65104645
0.012213541,2.46871606,0.650368058
0.012239583,2.46871606,0.650368058
0.012265625,2.46871606,0.649689666
0.012291666,2.467258774,0.650368058
0.012317708,2.46871606,0.650368058
0.01234375,2.46871606,0.651724842
0.012369791,2.467258774,0.65104645
0.012395833,2.46871606,0.65104645
0.012421875,2.467258774,0.650368058
0.012447916,2.46871606,0.651724842
0.012473958,2.46871606,0.65104645
0.0125,2.46871606,0.65104645
0.012526041,2.46871606,0.65104645
0.012552083,2.46871606,0.650368058
0.012578125,2.470173346,0.650368058
0.012604166,2.46871606,0.650368058
0.012630208,2.46871606,0.650368058
0.01265625,2.46871606,0.650368058
0.012682291,2.46871606,0.650368058
0.012708333,2.46871606,0.650368058
0.012734375,2.46871606,0.649689666
0.012760416,2.46871606,0.649689666
0.012786458,2.470173346,0.650368058
0.0128125,2.46871606,0.65104645
0.012838541,2.46871606,0.650368058
0.012864583,2.470173346,0.650368058
0.012890625,2.470173346,0.650368058
0.012916666,2.470173346,0.65104645
0.012942708,2.470173346,0.65104645
0.01296875,2.46871606,0.650368058
0.012994791,2.46871606,0.650368058
0.013020833,2.470173346,0.651724842
0.013046875,2.471630633,0.65104645
0.013072916,2.471630633,0.650368058
0.013098958,2.470173346,0.650368058
0.013125,2.471630633,0.650368058
0.013151041,2.471630633,0.65104645
0.013177083,2.471630633,0.650368058
0.013203125,2.471630633,0.650368058
0.013229166,2.471630633,0.650368058
0.013255208,2.471630633,0.649011274
0.01328125,2.473087919,0.649689666
0.013307291,2.471630633,0.650368058
0.013333333,2.471630633,0.649011274
0.013359375,2.473087919,0.649011274
0.013385416,2.473087919,0.649689666
0.013411458,2.473087919,0.650368058
0.0134375,2.473087919,0.649689666
0.013463541,2.473087919,0.649689666
0.013489583,2.473087919,0.649689666
0.013515625,2.473087919,0.649689666
0.013541666,2.474545206,0.650368058
0.013567708,2.473087919,0.65104645
0.01359375,2.474545206,0.649689666
0.013619791,2.473087919,0.649689666
0.013645833,2.473087919,0.649689666
0.013671875,2.474545206,0.649011274
0.013697916,2.473087919,0.649689666
0.013723958,2.474545206,0.649011274
0.01375,2.474545206,0.649011274
0.013776041,2.476002492,0.649011274
0.013802083,2.474545206,0.649011274
0.013828125,2.474545206,0.649689666
0.013854166,2.476002492,0.649689666
0.013880208,2.476002492,0.649689666
0.01390625,2.476002492,0.649689666
0.013932291,2.476002492,0.650368058
0.013958333,2.476002492,0.649689666
0.013984375,2.476002492,0.649689666
0.014010416,2.476002492,0.650368058
0.014036458,2.474545206,0.650368058
0.0140625,2.476002492,0.650368058
0.014088541,2.476002492,0.649689666
0.014114583,2.476002492,0.650368058
0.014140625,2.476002492,0.649011274
0.014166666,2.476002492,0.650368058
0.014192708,2.476002492,0.650368058
0.01421875,2.476002492,0.650368058
0.014244791,2.476002492,0.649689666
0.014270833,2.476002492,0.650368058
0.014296875,2.477459779,0.650368058
0.014322916,2.477459779,0.649689666
0.014348958,2.476002492,0.649011274
0.014375,2.478917065,0.649689666
0.014401041,2.478917065,0.649011274
0.014427083,2.477459779,0.648332882
0.014453125,2.478917065,0.648332882
0.014479166,2.477459779,0.648332882
0.014505208,2.477459779,0.649011274
0.01453125,2.477459779,0.649689666
0.014557291,2.478917065,0.649689666
0.014583333,2.478917065,0.649689666
0.014609375,2.478917065,0.649689666
0.014635416,2.478917065,0.649689666
0.014661458,2.478917065,0.649011274
0.0146875,2.478917065,0.649011274
0.014713541,2.480374351,0.648332882
0.014739583,2.478917065,0.648332882
0.014765625,2.478917065,0.648332882
0.014791666,2.480374351,0.648332882
0.014817708,2.478917065,0.649689666
0.01484375,2.478917065,0.649011274
0.014869791,2.478917065,0.649011274
0.014895833,2.478917065,0.649011274
0.014921875,2.478917065,0.649011274
0.014947916,2.480374351,0.649011274
0.014973958,2.481831638,0.649011274
0.015,2.481831638,0.649689666
0.015026041,2.480374351,0.649011274
0.015052083,2.480374351,0.648332882
0.015078125,2.481831638,0.649011274
0.015104166,2.481831638,0.649011274
0.015130208,2.483288924,0.649011274
0.01515625,2.481831638,0.649689666
0.015182291,2.481831638,0.649011274
0.015208333,2.483288924,0.649689666
0.015234375,2.481831638,0.649689666
0.015260416,2.483288924,0.649689666
0.015286458,2.483288924,0.649689666
0.0153125,2.481831638,0.649689666
0.015338541,2.483288924,0.648332882
0.015364583,2.481831638,0.649011274
0.015390625,2.481831638,0.649689666
0.015416666,2.483288924,0.649689666
0.015442708,2.483288924,0.649011274
0.01546875,2.483288924,0.649011274
0.015494791,2.483288924,0.649011274
0.015520833,2.484746211,0.649011274
0.015546875,2.483288924,0.649011274
0.015572916,2.483288924,0.649011274
0.015598958,2.486203497,0.649011274
0.015625,2.484746211,0.648332882
0.015651041,2.486203497,0.64765449
0.015677083,2.484746211,0.648332882
0.015703125,2.484746211,0.648332882
0.015729166,2.486203497,0.648332882
0.015755208,2.484746211,0.648332882
0.01578125,2.484746211,0.648332882
0.015807291,2.486203497,0.648332882
0.015833333,2.486203497,0.648332882
0.015859375,2.486203497,0.648332882
0.015885416,2.486203497,0.648332882
0.015911458,2.487660783,0.64765449
0.0159375,2.484746211,0.648332882
0.015963541,2.486203497,0.648332882
0.015989583,2.487660783,0.648332882
0.016015625,2.487660783,0.648332882
0.016041666,2.487660783,0.648332882
0.016067708,2.487660783,0.648332882
0.01609375,2.487660783,0.648332882
0.016119791,2.487660783,0.648332882
0.016145833,2.487660783,0.648332882
0.016171875,2.487660783,0.649011274
0.016197916,2.48911807,0.649011274
0.016223958,2.48911807,0.648332882
0.01625,2.48911807,0.648332882
0.016276041,2.48911807,0.648332882
0.016302083,2.48911807,0.649011274
0.016328125,2.48911807,0.649011274
0.016354166,2.487660783,0.649011274
0.016380208,2.48911807,0.649011274
0.01640625,2.48911807,0.648332882
0.016432291,2.48911807,0.648332882
0.016458333,2.487660783,0.648332882
0.016484375,2.48911807,0.648332882
0.016510416,2.48911807,0.648332882
0.016536458,2.48911807,0.648332882
0.0165625,2.490575356,0.648332882
0.016588541,2.490575356,0.64765449
0.016614583,2.490575356,0.64765449
0.016640625,2.490575356,0.64765449
0.016666666,2.490575356,0.648332882
0.016692708,2.490575356,0.649011274
0.01671875,2.490575356,0.648332882
0.016744791,2.490575356,0.648332882
0.016770833,2.490575356,0.64765449
0.016796875,2.490575356,0.64765449
0.016822916,2.490575356,0.648332882
0.016848958,2.490575356,0.648332882
0.016875,2.490575356,0.648332882
0.016901041,2.48911807,0.64765449
0.016927083,2.490575356,0.64765449
0.016953125,2.490575356,0.648332882
0.016979166,2.490575356,0.64765449
0.017005208,2.490575356,0.64765449
0.01703125,2.490575356,0.64765449
0.017057291,2.492032643,0.648332882
0.017083333,2.492032643,0.648332882
0.017109375,2.490575356,0.648332882
0.017135416,2.492032643,0.64765449
0.017161458,2.492032643,0.648332882
0.0171875,2.493489929,0.64765449
0.017213541,2.492032643,0.646976098
0.017239583,2.493489929,0.64765449
0.017265625,2.492032643,0.64765449
0.017291666,2.493489929,0.64765449
0.017317708,2.493489929,0.646976098
0.01734375,2.493489929,0.648332882
0.017369791,2.493489929,0.64765449
0.017395833,2.493489929,0.64765449
0.017421875,2.493489929,0.64765449
0.017447916,2.493489929,0.646976098
0.017473958,2.493489929,0.64765449
0.0175,2.493489929,0.64765449
0.017526041,2.494947216,0.646976098
0.017552083,2.493489929,0.64765449
0.017578125,2.493489929,0.64765449
0.017604166,2.493489929,0.64765449
0.017630208,2.493489929,0.64765449
0.01765625,2.494947216,0.64765449
0.017682291,2.494947216,0.64765449
0.017708333,2.494947216,0.64765449
0.017734375,2.494947216,0.646976098
0.017760416,2.494947216,0.646976098
0.017786458,2.494947216,0.646976098
0.0178125,2.494947216,0.646976098
0.017838541,2.494947216,0.64765449
0.017864583,2.494947216,0.64765449
0.017890625,2.493489929,0.64765449
0.017916666,2.494947216,0.648332882
0.017942708,2.494947216,0.64765449
0.01796875,2.494947216,0.648332882
0.017994791,2.494947216,0.64765449
0.018020833,2.494947216,0.648332882
0.018046875,2.494947216,0.648332882
0.018072916,2.494947216,0.648332882
0.018098958,2.494947216,0.64765449
0.018125,2.494947216,0.646976098
0.018151041,2.494947216,0.646976098
0.018177083,2.496404502,0.646297706
0.018203125,2.496404502,0.646297706
0.018229166,2.496404502,0.646976098
0.018255208,2.496404502,0.646976098
0.01828125,2.496404502,0.646297706
0.018307291,2.497861788,0.646297706
0.018333333,2.497861788,0.646297706
0.018359375,2.496404502,0.646297706
0.018385416,2.496404502,0.646976098
0.018411458,2.496404502,0.646976098
0.0184375,2.496404502,0.646297706
0.018463541,2.497861788,0.646297706
0.018489583,2.496404502,0.645619314
0.018515625,2.497861788,0.645619314
0.018541666,2.497861788,0.645619314
0.018567708,2.496404502,0.644940922
0.01859375,2.497861788,0.645619314
0.018619791,2.497861788,0.645619314
0.018645833,2.497861788,0.645619314
0.018671875,2.497861788,0.645619314
0.018697916,2.497861788,0.645619314
0.018723958,2.499319075,0.646976098
0.01875,2.499319075,0.646976098
0.018776041,2.499319075,0.646976098
0.018802083,2.499319075,0.646976098
0.018828125,2.499319075,0.646297706
0.018854166,2.499319075,0.646297706
0.018880208,2.499319075,0.646976098
0.01890625,2.499319075,0.646976098
0.018932291,2.500776361,0.646976098
0.018958333,2.499319075,0.646297706
0.018984375,2.499319075,0.646297706
0.019010416,2.499319075,0.646976098
0.019036458,2.500776361,0.646297706
0.0190625,2.499319075,0.646297706
0.019088541,2.499319075,0.646297706
0.019114583,2.499319075,0.646297706
0.019140625,2.499319075,0.646297706
0.019166666,2.499319075,0.646297706
0.019192708,2.499319075,0.646297706
0.01921875,2.500776361,0.646297706
0.019244791,2.500776361,0.646297706
0.019270833,2.502233648,0.646976098
0.019296875,2.502233648,0.645619314
0.019322916,2.502233648,0.644940922
0.019348958,2.502233648,0.645619314
0.019375,2.502233648,0.646297706
0.019401041,2.502233648,0.646976098
0.019427083,2.502233648,0.646297706
0.019453125,2.503690934,0.645619314
0.019479166,2.502233648,0.646297706
0.019505208,2.502233648,0.645619314
0.01953125,2.502233648,0.646297706
0.019557291,2.502233648,0.646297706
0.019583333,2.502233648,0.645619314
0.019609375,2.503690934,0.645619314
0.019635416,2.502233648,0.646297706
0.019661458,2.503690934,0.646297706
0.0196875,2.502233648,0.646976098
0.019713541,2.502233648,0.646297706
0.019739583,2.503690934,0.646297706
0.019765625,2.503690934,0.645619314
0.019791666,2.503690934,0.644940922
0.019817708,2.503690934,0.644940922
0.01984375,2.50514822,0.644940922
0.019869791,2.50514822,0.645619314
0.019895833,2.503690934,0.644940922
0.019921875,2.50514822,0.645619314
0.019947916,2.50514822,0.646297706
0.019973958,2.50514822,0.645619314
0.02,2.50514822,0.645619314
0.020026041,2.50514822,0.645619314
0.020052083,2.503690934,0.645619314
0.020078125,2.503690934,0.645619314
0.020104166,2.503690934,0.646976098
0.020130208,2.50514822,0.646297706
0.02015625,2.506605507,0.646297706
0.020182291,2.506605507,0.646976098
0.020208333,2.506605507,0.645619314
0.020234374,2.50514822,0.646297706
0.020260416,2.50514822,0.646297706
0.020286458,2.50514822,0.645619314
0.020312499,2.506605507,0.645619314
0.020338541,2.506605507,0.645619314
0.020364583,2.50514822,0.644940922
0.020390624,2.50514822,0.644940922
0.020416666,2.50514822,0.645619314
0.020442708,2.508062793,0.644940922
0.020468749,2.508062793,0.644940922
0.020494791,2.506605507,0.645619314
0.020520833,2.506605507,0.646297706
0.020546874,2.508062793,0.645619314
0.020572916,2.506605507,0.646297706
0.020598958,2.50952008,0.646297706
0.020624999,2.508062793,0.646297706
0.020651041,2.508062793,0.645619314
0.020677083,2.50952008,0.645619314
0.020703124,2.508062793,0.646297706
0.020729166,2.508062793,0.645619314
0.020755208,2.508062793,0.645619314
0.020781249,2.508062793,0.645619314
0.020807291,2.508062793,0.645619314
0.020833333,2.508062793,0.645619314
0.020859374,2.50952008,0.644940922
0.020885416,2.508062793,0.645619314
0.020911458,2.506605507,0.645619314
0.020937499,2.508062793,0.644940922
0.020963541,2.50952008,0.644940922
0.020989583,2.50952008,0.64426253
0.021015624,2.510977366,0.64426253
0.021041666,2.510977366,0.643584138
0.021067708,2.510977366,0.643584138
0.021093749,2.510977366,0.644940922
0.021119791,2.510977366,0.64426253
0.021145833,2.510977366,0.644940922
0.021171874,2.50952008,0.645619314
0.021197916,2.510977366,0.645619314
0.021223958,2.510977366,0.645619314
0.021249999,2.510977366,0.645619314
0.021276041,2.510977366,0.64426253
0.021302083,2.512434653,0.644940922
0.021328124,2.512434653,0.643584138
0.021354166,2.510977366,0.64426253
0.021380208,2.512434653,0.64426253
0.021406249,2.512434653,0.64426253
0.021432291,2.512434653,0.643584138
0.021458333,2.512434653,0.64426253
0.021484374,2.510977366,0.644940922
0.021510416,2.510977366,0.64426253
0.021536458,2.512434653,0.64426253
0.021562499,2.512434653,0.644940922
0.021588541,2.512434653,0.64426253
0.021614583,2.513891939,0.644940922
0.021640624,2.512434653,0.64426253
0.021666666,2.513891939,0.64426253
0.021692708,2.513891939,0.64426253
0.021718749,2.513891939,0.64426253
0.021744791,2.513891939,0.643584138
0.021770833,2.513891939,0.64426253
0.021796874,2.513891939,0.643584138
0.021822916,2.513891939,0.643584138
0.021848958,2.513891939,0.643584138
0.021874999,2.513891939,0.642905746
0.021901041,2.513891939,0.642905746
0.021927083,2.513891939,0.64426253
0.021953124,2.513891939,0.64426253
0.021979166,2.513891939,0.64426253
0.022005208,2.513891939,0.64426253
0.022031249,2.513891939,0.64426253
0.022057291,2.515349225,0.64426253
0.022083333,2.515349225,0.643584138
0.022109374,2.515349225,0.64426253
0.022135416,2.515349225,0.643584138
0.022161458,2.515349225,0.642905746
0.022187499,2.515349225,0.643584138
0.022213541,2.515349225,0.643584138
0.022239583,2.516806512,0.643584138
0.022265624,2.515349225,0.64426253
0.022291666,2.516806512,0.64426253
0.022317708,2.516806512,0.64426253
0.022343749,2.516806512,0.643584138
0.022369791,2.515349225,0.643584138
0.022395833,2.515349225,0.643584138
0.022421874,2.515349225,0.643584138
0.022447916,2.516806512,0.64426253
0.022473958,2.516806512,0.64426253
0.022499999,2.515349225,0.64426253
0.022526041,2.516806512,0.643584138
0.022552083,2.516806512,0.643584138
0.022578124,2.516806512,0.64426253
0.022604166,2.516806512,0.64426253
0.022630208,2.518263798,0.643584138
0.022656249,2.516806512,0.64426253
0.022682291,2.516806512,0.64426253
0.022708333,2.518263798,0.64426253
0.022734374,2.516806512,0.643584138
0.022760416,2.516806512,0.64426253
0.022786458,2.516806512,0.643584138
0.022812499,2.518263798,0.643584138
0.022838541,2.518263798,0.643584138
0.022864583,2.518263798,0.643584138
0.022890624,2.518263798,0.643584138
0.022916666,2.518263798,0.64426253
0.022942708,2.518263798,0.643584138
0.022968749,2.518263798,0.643584138
0.022994791,2.519721085,0.64426253
0.023020833,2.518263798,0.642905746
0.023046874,2.518263798,0.642905746
0.023072916,2.518263798,0.642905746
0.023098958,2.518263798,0.643584138
0.023124999,2.518263798,0.642905746
0.023151041,2.518263798,0.642905746
0.023177083,2.518263798,0.643584138
0.023203124,2.518263798,0.642905746
0.023229166,2.519721085,0.642905746
0.023255208,2.519721085,0.642905746
0.023281249,2.519721085,0.642905746
0.023307291,2.521178371,0.642905746
0.023333333,2.519721085,0.642905746
0.023359374,2.519721085,0.643584138
0.023385416,2.519721085,0.643584138
0.023411458,2.519721085,0.642905746
0.023437499,2.519721085,0.643584138
0.023463541,2.519721085,0.643584138
0.023489583,2.519721085,0.643584138
0.023515624,2.519721085,0.643584138
0.023541666,2.521178371,0.643584138
0.023567708,2.521178371,0.643584138
0.023593749,2.521178371,0.642905746
0.023619791,2.519721085,0.642905746
0.023645833,2.519721085,0.642227354
0.023671874,2.519721085,0.642905746
0.023697916,2.519721085,0.642227354
0.023723958,2.521178371,0.642227354
0.023749999,2.521178371,0.642905746
0.023776041,2.521178371,0.642227354
0.023802083,2.522635657,0.642227354
0.023828124,2.522635657,0.642227354
0.023854166,2.522635657,0.641548962
0.023880208,2.522635657,0.642905746
0.023906249,2.522635657,0.642905746
0.023932291,2.522635657,0.642227354
0.023958333,2.524092944,0.642227354
0.023984374,2.522635657,0.642905746
0.024010416,2.522635657,0.642905746
0.024036458,2.522635657,0.642227354
0.024062499,2.522635657,0.642905746
0.024088541,2.521178371,0.641548962
0.024114583,2.522635657,0.642227354
0.024140624,2.521178371,0.642227354
0.024166666,2.522635657,0.642227354
0.024192708,2.522635657,0.641548962
0.024218749,2.522635657,0.642227354
0.024244791,2.524092944,0.641548962
0.024270833,2.524092944,0.642227354
0.024296874,2.524092944,0.641548962
0.024322916,2.524092944,0.642227354
0.024348958,2.524092944,0.642227354
0.024374999,2.524092944,0.642227354
0.024401041,2.524092944,0.642227354
0.024427083,2.52555023,0.642227354
0.024453124,2.524092944,0.642227354
0.024479166,2.522635657,0.642227354
0.024505208,2.522635657,0.642227354
0.024531249,2.524092944,0.642227354
0.024557291,2.524092944,0.642227354
0.024583333,2.522635657,0.641548962
0.024609374,2.524092944,0.641548962
0.024635416,2.524092944,0.641548962
0.024661458,2.52555023,0.64087057
0.024687499,2.524092944,0.642227354
0.024713541,2.524092944,0.641548962
0.024739583,2.524092944,0.641548962
0.024765624,2.524092944,0.64087057
0.024791666,2.524092944,0.64087057
0.024817708,2.527007517,0.641548962
0.024843749,2.52555023,0.641548962
0.024869791,2.527007517,0.641548962
0.024895833,2.52555023,0.641548962
0.024921874,2.52555023,0.641548962
0.024947916,2.52555023,0.641548962
0.024973958,2.527007517,0.642227354
0.024999999,2.527007517,0.641548962
0.025026041,2.527007517,0.642227354
0.025052083,2.52555023,0.641548962
0.025078124,2.52555023,0.642227354
0.025104166,2.527007517,0.641548962
0.025130208,2.527007517,0.641548962
0.025156249,2.528464803,0.642227354
0.025182291,2.528464803,0.641548962
0.025208333,2.527007517,0.642227354
0.025234374,2.528464803,0.642905746
0.025260416,2.528464803,0.642227354
0.025286458,2.528464803,0.641548962
0.025312499,2.528464803,0.641548962
0.025338541,2.528464803,0.64087057
0.025364583,2.528464803,0.64087057
0.025390624,2.528464803,0.64087057
0.025416666,2.528464803,0.640192177
0.025442708,2.528464803,0.64087057
0.025468749,2.52992209,0.64087057
0.025494791,2.52992209,0.64087057
0.025520833,2.528464803,0.64087057
0.025546874,2.528464803,0.641548962
0.025572916,2.52992209,0.641548962
0.025598958,2.528464803,0.64087057
0.025624999,2.52992209,0.64087057
0.025651041,2.52992209,0.64087057
0.025677083,2.531379376,0.641548962
0.025703124,2.531379376,0.64087057
0.025729166,2.531379376,0.640192177
0.025755208,2.52992209,0.640192177
0.025781249,2.528464803,0.64087057
0.025807291,2.52992209,0.641548962
0.025833333,2.52992209,0.64087057
0.025859374,2.52992209,0.64087057
0.025885416,2.531379376,0.640192177
0.025911458,2.531379376,0.64087057
0.025937499,2.52992209,0.640192177
0.025963541,2.52992209,0.639513785
0.025989583,2.531379376,0.639513785
0.026015624,2.532836662,0.640192177
0.026041666,2.531379376,0.640192177
0.026067708,2.532836662,0.64087057
0.026093749,2.532836662,0.640192177
0.026119791,2.532836662,0.64087057
0.026145833,2.531379376,0.64087057
0.026171874,2.532836662,0.640192177
0.026197916,2.534293949,0.640192177
0.026223958,2.531379376,0.640192177
0.026249999,2.531379376,0.640192177
0.026276041,2.532836662,0.64087057
0.026302083,2.531379376,0.640192177
0.026328124,2.532836662,0.64087057
0.026354166,2.531379376,0.640192177
0.026380208,2.532836662,0.64087057
0.026406249,2.532836662,0.64087057
0.026432291,2.532836662,0.64087057
0.026458333,2.532836662,0.64087057
0.026484374,2.532836662,0.640192177
0.026510416,2.532836662,0.640192177
0.026536458,2.534293949,0.640192177
0.026562499,2.534293949,0.64087057
0.026588541,2.534293949,0.640192177
0.026614583,2.535751235,0.639513785
0.026640624,2.535751235,0.639513785
0.026666666,2.535751235,0.639513785
0.026692708,2.534293949,0.640192177
0.026718749,2.532836662,0.639513785
0.026744791,2.534293949,0.640192177
0.026770833,2.534293949,0.639513785
0.026796874,2.535751235,0.639513785
0.026822916,2.535751235,0.638835393
0.026848958,2.534293949,0.640192177
0.026874999,2.534293949,0.640192177
0.026901041,2.535751235,0.639513785
0.026927083,2.537208522,0.638835393
0.026953124,2.535751235,0.638835393
0.026979166,2.535751235,0.638835393
0.027005208,2.537208522,0.638835393
0.027031249,2.537208522,0.639513785
0.027057291,2.537208522,0.638835393
0.027083333,2.535751235,0.639513785
0.027109374,2.535751235,0.639513785
0.027135416,2.535751235,0.639513785
0.027161458,2.535751235,0.639513785
0.027187499,2.534293949,0.638835393
0.027213541,2.535751235,0.638835393
0.027239583,2.535751235,0.638835393
0.027265624,2.537208522,0.638835393
0.027291666,2.537208522,0.638835393
0.027317708,2.537208522,0.639513785
0.027343749,2.537208522,0.639513785
0.027369791,2.537208522,0.639513785
0.027395833,2.537208522,0.639513785
0.027421874,2.538665808,0.639513785
0.027447916,2.538665808,0.639513785
0.027473958,2.537208522,0.639513785
0.027499999,2.537208522,0.639513785
0.027526041,2.535751235,0.639513785
0.027552083,2.537208522,0.640192177
0.027578124,2.537208522,0.639513785
0.027604166,2.537208522,0.639513785
0.027630208,2.537208522,0.640192177
0.027656249,2.538665808,0.639513785
0.027682291,2.538665808,0.638835393
0.027708333,-0.046560295,-0.016491289
0.027734374,-0.046560295,-0.016491289
0.027760416,-0.046560295,-0.016491289
0.027786458,-0.046560295,-0.016491289
0.027812499,-0.046560295,-0.015812897
0.027838541,-0.048017581,-0.015134505
0.027864583,-0.046560295,-0.015134505
0.027890624,-0.046560295,-0.015134505
0.027916666,-0.046560295,-0.015134505
0.027942708,-0.046560295,-0.015134505
0.027968749,-0.046560295,-0.015812897
0.027994791,-0.046560295,-0.016491289
0.028020833,-0.046560295,-0.015134505
0.028046874,-0.048017581,-0.015812897
0.028072916,-0.046560295,-0.015812897
0.028098958,-0.046560295,-0.015812897
0.028124999,-0.046560295,-0.016491289
0.028151041,-0.046560295,-0.015812897
0.028177083,-0.048017581,-0.015134505
0.028203124,-0.046560295,-0.014456113
0.028229166,-0.046560295,-0.014456113
0.028255208,-0.046560295,-0.015134505
0.028281249,-0.046560295,-0.015134505
0.028307291,-0.046560295,-0.014456113
0.028333333,-0.046560295,-0.014456113
0.028359374,-0.046560295,-0.015812897
0.028385416,-0.046560295,-0.015134505
0.028411458,-0.046560295,-0.015134505
0.028437499,-0.046560295,-0.015812897
0.028463541,-0.046560295,-0.015812897
0.028489583,-0.046560295,-0.015812897
0.028515624,-0.045103009,-0.015812897
0.028541666,-0.045103009,-0.015812897
0.028567708,-0.045103009,-0.015812897
0.028593749,-0.045103009,-0.015812897
0.028619791,-0.045103009,-0.015134505
0.028645833,-0.045103009,-0.015134505
0.028671874,-0.045103009,-0.015134505
0.028697916,-0.045103009,-0.015134505
0.028723958,-0.043645722,-0.015812897
0.028749999,-0.043645722,-0.015812897
0.028776041,-0.045103009,-0.015134505
0.028802083,-0.045103009,-0.015812897
0.028828124,-0.045103009,-0.015812897
0.028854166,-0.045103009,-0.015134505
0.028880208,-0.045103009,-0.015134505
0.028906249,-0.045103009,-0.015812897
0.028932291,-0.045103009,-0.015134505
0.028958333,-0.045103009,-0.014456113
0.028984374,-0.045103009,-0.014456113
0.029010416,-0.045103009,-0.015134505
0.029036458,-0.045103009,-0.015134505
0.029062499,-0.045103009,-0.015134505
0.029088541,-0.045103009,-0.014456113
0.029114583,-0.045103009,-0.015134505
0.029140624,-0.045103009,-0.015134505
0.029166666,-0.045103009,-0.015134505
0.029192708,-0.045103009,-0.015134505
0.029218749,-0.045103009,-0.015134505
0.029244791,-0.046560295,-0.015134505
0.029270833,-0.045103009,-0.014456113
0.029296874,-0.046560295,-0.014456113
0.029322916,-0.046560295,-0.014456113
0.029348958,-0.046560295,-0.014456113
0.029374999,-0.046560295,-0.013777721
0.029401041,-0.045103009,-0.013777721
0.029427083,-0.045103009,-0.015134505
0.029453124,-0.046560295,-0.014456113
0.029479166,-0.045103009,-0.013777721
0.029505208,-0.045103009,-0.013777721
0.029531249,-0.045103009,-0.014456113
0.029557291,-0.045103009,-0.013777721
0.029583333,-0.045103009,-0.015134505
0.029609374,-0.045103009,-0.015134505
0.029635416,-0.043645722,-0.015134505
0.029661458,-0.045103009,-0.015134505
0.029687499,-0.045103009,-0.015134505
0.029713541,-0.043645722,-0.015134505
0.029739583,-0.043645722,-0.014456113
0.029765624,-0.043645722,-0.014456113
0.029791666,-0.045103009,-0.014456113
0.029817708,-0.045103009,-0.015134505
0.029843749,-0.043645722,-0.014456113
0.029869791,-0.043645722,-0.014456113
0.029895833,-0.045103009,-0.013777721
0.029921874,-0.043645722,-0.014456113
0.029947916,-0.043645722,-0.014456113
0.029973958,-0.043645722,-0.014456113
0.029999999,-0.043645722,-0.013777721
0.030026041,-0.043645722,-0.015134505
0.030052083,-0.043645722,-0.014456113
0.030078124,-0.043645722,-0.015134505
0.030104166,-0.043645722,-0.015134505
0.030130208,-0.043645722,-0.015134505
0.030156249,-0.043645722,-0.015134505
0.030182291,-0.043645722,-0.015134505
0.030208333,-0.045103009,-0.015134505
0.030234374,-0.045103009,-0.014456113
0.030260416,-0.045103009,-0.013777721
0.030286458,-0.043645722,-0.013777721
0.030312499,-0.045103009,-0.014456113
0.030338541,-0.045103009,-0.014456113
0.030364583,-0.045103009,-0.014456113
0.030390624,-0.045103009,-0.014456113
0.030416666,-0.045103009,-0.015134505
0.030442708,-0.045103009,-0.015134505
0.030468749,-0.045103009,-0.014456113
0.030494791,-0.045103009,-0.015134505
0.030520833,-0.045103009,-0.015134505
0.030546874,-0.046560295,-0.014456113
0.030572916,-0.045103009,-0.013777721
0.030598958,-0.045103009,-0.014456113
0.030624999,-0.045103009,-0.013777721
0.030651041,-0.045103009,-0.014456113
0.030677083,-0.043645722,-0.014456113
0.030703124,-0.043645722,-0.013777721
0.030729166,-0.045103009,-0.013099329
0.030755208,-0.045103009,-0.013777721
0.030781249,-0.043645722,-0.014456113
0.030807291,-0.043645722,-0.012420937
0.030833333,-0.043645722,-0.013777721
0.030859374,-0.043645722,-0.013777721
0.030885416,-0.043645722,-0.013099329
0.030911458,-0.045103009,-0.013777721
0.030937499,-0.045103009,-0.013099329
0.030963541,-0.045103009,-0.013777721
0.030989583,-0.045103009,-0.013099329
0.031015624,-0.043645722,-0.013777721
0.031041666,-0.043645722,-0.013777721
0.031067708,-0.043645722,-0.015134505
0.031093749,-0.045103009,-0.014456113
0.031119791,-0.045103009,-0.015134505
0.031145833,-0.046560295,-0.013777721
0.031171874,-0.045103009,-0.014456113
0.031197916,-0.045103009,-0.013777721
0.031223958,-0.043645722,-0.013777721
0.031249999,-0.043645722,-0.013777721
0.031276041,-0.043645722,-0.013777721
0.031302083,-0.045103009,-0.013777721
0.031328124,-0.043645722,-0.013777721
0.031354166,-0.043645722,-0.014456113
0.031380208,-0.045103009,-0.014456113
0.031406249,-0.043645722,-0.014456113
0.031432291,-0.043645722,-0.014456113
0.031458333,-0.043645722,-0.014456113
0.031484374,-0.043645722,-0.014456113
0.031510416,-0.043645722,-0.015134505
0.031536458,-0.043645722,-0.013777721
0.031562499,-0.043645722,-0.014456113
0.031588541,-0.043645722,-0.014456113
0.031614583,-0.043645722,-0.015134505
0.031640624,-0.043645722,-0.015134505
0.031666666,-0.045103009,-0.015134505
0.031692708,-0.043645722,-0.014456113
0.031718749,-0.045103009,-0.014456113
0.031744791,-0.043645722,-0.013777721
0.031770833,-0.043645722,-0.014456113
0.031796874,-0.043645722,-0.014456113
0.031822916,-0.042188436,-0.014456113
0.031848958,-0.043645722,-0.013777721
0.031874999,-0.043645722,-0.013777721
0.031901041,-0.043645722,-0.014456113
0.031927083,-0.043645722,-0.015134505
0.031953124,-0.043645722,-0.013777721
0.031979166,-0.043645722,-0.013777721
0.032005208,-0.043645722,-0.013777721
0.032031249,-0.043645722,-0.014456113
0.032057291,-0.043645722,-0.013777721
0.032083333,-0.043645722,-0.014456113
0.032109374,-0.043645722,-0.014456113
0.032135416,-0.043645722,-0.014456113
0.032161458,-0.043645722,-0.013777721
0.032187499,-0.043645722,-0.013777721
0.032213541,-0.043645722,-0.014456113
0.032239583,-0.045103009,-0.014456113
0.032265624,-0.043645722,-0.015134505
0.032291666,-0.045103009,-0.015134505
0.032317708,-0.043645722,-0.014456113
0.032343749,-0.043645722,-0.015134505
0.032369791,-0.043645722,-0.014456113
0.032395833,-0.043645722,-0.015134505
0.032421874,-0.043645722,-0.015134505
0.032447916,-0.043645722,-0.015812897
0.032473958,-0.043645722,-0.015134505
0.032499999,-0.045103009,-0.015134505
0.032526041,-0.043645722,-0.014456113
0.032552083,-0.045103009,-0.014456113
0.032578124,-0.043645722,-0.013777721
0.032604166,-0.045103009,-0.014456113
0.032630208,-0.043645722,-0.015134505
0.032656249,-0.043645722,-0.014456113
0.032682291,-0.043645722,-0.014456113
0.032708333,-0.043645722,-0.015134505
0.032734374,-0.045103009,-0.014456113
0.032760416,-0.043645722,-0.013777721
0.032786458,-0.043645722,-0.015134505
0.032812499,-0.045103009,-0.014456113
0.032838541,-0.043645722,-0.015134505
0.032864583,-0.045103009,-0.014456113
0.032890624,-0.043645722,-0.014456113
0.032916666,-0.043645722,-0.015134505
0.032942708,-0.045103009,-0.013777721
0.032968749,-0.043645722,-0.014456113
0.032994791,-0.043645722,-0.014456113
0.033020833,-0.043645722,-0.014456113
0.033046874,-0.043645722,-0.015134505
0.033072916,-0.043645722,-0.014456113
0.033098958,-0.043645722,-0.015134505
0.033124999,-0.043645722,-0.015134505
0.033151041,-0.043645722,-0.015134505
0.033177083,-0.043645722,-0.014456113
0.033203124,-0.043645722,-0.014456113
0.033229166,-0.043645722,-0.015134505
0.033255208,-0.043645722,-0.014456113
0.033281249,-0.043645722,-0.015134505
0.033307291,-0.043645722,-0.015134505
0.033333333,-0.043645722,-0.015134505
0.033359374,-0.043645722,-0.014456113
0.033385416,-0.043645722,-0.015134505
0.033411458,-0.042188436,-0.014456113
0.033437499,-0.043645722,-0.015134505
0.033463541,-0.043645722,-0.014456113
0.033489583,-0.043645722,-0.015134505
0.033515624,-0.043645722,-0.015134505
0.033541666,-0.043645722,-0.015134505
0.033567708,-0.043645722,-0.014456113
0.033593749,-0.043645722,-0.014456113
0.033619791,-0.045103009,-0.013777721
0.033645833,-0.045103009,-0.013777721
0.033671874,-0.043645722,-0.013777721
0.033697916,-0.043645722,-0.015134505
0.033723958,-0.043645722,-0.013777721
0.033749999,-0.043645722,-0.014456113
0.033776041,-0.042188436,-0.014456113
0.033802083,-0.043645722,-0.014456113
0.033828124,-0.045103009,-0.014456113
0.033854166,-0.043645722,-0.013777721
0.033880208,-0.043645722,-0.014456113
0.033906249,-0.043645722,-0.014456113
0.033932291,-0.043645722,-0.014456113
0.033958333,-0.043645722,-0.014456113
0.033984374,-0.043645722,-0.014456113
0.034010416,-0.043645722,-0.014456113
0.034036458,-0.043645722,-0.015134505
0.034062499,-0.043645722,-0.015134505
0.034088541,-0.043645722,-0.014456113
0.034114583,-0.043645722,-0.015134505
0.034140624,-0.043645722,-0.015134505
0.034166666,-0.043645722,-0.015134505
0.034192708,-0.043645722,-0.015134505
0.034218749,-0.043645722,-0.015134505
0.034244791,-0.043645722,-0.014456113
0.034270833,-0.043645722,-0.014456113
0.034296874,-0.043645722,-0.014456113
0.034322916,-0.043645722,-0.014456113
0.034348958,-0.043645722,-0.014456113
0.034374999,-0.043645722,-0.013777721
0.034401041,-0.043645722,-0.013777721
0.034427083,-0.043645722,-0.014456113
0.034453124,-0.045103009,-0.014456113
0.034479166,-0.043645722,-0.014456113
0.034505208,-0.043645722,-0.014456113
0.034531249,-0.043645722,-0.013777721
0.034557291,-0.043645722,-0.014456113
0.034583333,-0.043645722,-0.014456113
0.034609374,-0.043645722,-0.015134505
0.034635416,-0.043645722,-0.013777721
0.034661458,-0.045103009,-0.013777721
0.034687499,-0.043645722,-0.014456113
0.034713541,-0.043645722,-0.015134505
0.034739583,-0.045103009,-0.015134505
0.034765624,-0.043645722,-0.015134505
0.034791666,-0.043645722,-0.015134505
0.034817708,-0.043645722,-0.015134505
0.034843749,-0.043645722,-0.015134505
0.034869791,-0.043645722,-0.015134505
0.034895833,-0.045103009,-0.015134505
0.034921874,-0.045103009,-0.013777721
0.034947916,-0.043645722,-0.014456113
0.034973958,-0.045103009,-0.013777721
0.034999999,-0.043645722,-0.015134505
0.035026041,-0.043645722,-0.014456113
0.035052083,-0.043645722,-0.013777721
0.035078124,-0.045103009,-0.015134505
0.035104166,-0.043645722,-0.015134505
0.035130208,-0.043645722,-0.015134505
0.035156249,-0.043645722,-0.015134505
0.035182291,-0.043645722,-0.015134505
0.035208333,-0.043645722,-0.014456113
0.035234374,-0.043645722,-0.014456113
0.035260416,-0.043645722,-0.015134505
0.035286458,-0.043645722,-0.014456113
0.035312499,-0.043645722,-0.014456113
0.035338541,-0.045103009,-0.014456113
0.035364583,-0.043645722,-0.014456113
0.035390624,-0.043645722,-0.015134505
0.035416666,-0.045103009,-0.015134505
0.035442708,-0.043645722,-0.015134505
0.035468749,-0.045103009,-0.015134505
0.035494791,-0.045103009,-0.015812897
0.035520833,-0.045103009,-0.015812897
0.035546874,-0.045103009,-0.015812897
0.035572916,-0.045103009,-0.015134505
0.035598958,-0.045103009,-0.014456113
0.035624999,-0.045103009,-0.014456113
0.035651041,-0.043645722,-0.013777721
0.035677083,-0.045103009,-0.014456113
0.035703124,-0.045103009,-0.014456113
0.035729166,-0.045103009,-0.014456113
0.035755208,-0.045103009,-0.014456113
0.035781249,-0.043645722,-0.013777721
0.035807291,-0.045103009,-0.014456113
0.035833333,-0.045103009,-0.014456113
0.035859374,-0.045103009,-0.014456113
0.035885416,-0.045103009,-0.014456113
0.035911458,-0.045103009,-0.015134505
0.035937499,-0.045103009,-0.014456113
0.035963541,-0.045103009,-0.013777721
0.035989583,-0.045103009,-0.014456113
0.036015624,-0.045103009,-0.014456113
0.036041666,-0.045103009,-0.014456113
0.036067708,-0.043645722,-0.013777721
0.036093749,-0.045103009,-0.014456113
0.036119791,-0.043645722,-0.014456113
0.036145833,-0.043645722,-0.014456113
0.036171874,-0.043645722,-0.013099329
0.036197916,-0.043645722,-0.013777721
0.036223958,-0.043645722,-0.014456113
0.036249999,-0.045103009,-0.015134505
0.036276041,-0.043645722,-0.014456113
0.036302083,-0.043645722,-0.015134505
0.036328124,-0.042188436,-0.015134505
0.036354166,-0.043645722,-0.015134505
0.036380208,-0.043645722,-0.015134505
0.036406249,-0.043645722,-0.014456113
0.036432291,-0.045103009,-0.015134505
0.036458333,-0.045103009,-0.015134505
0.036484374,-0.043645722,-0.014456113
0.036510416,-0.043645722,-0.015134505
0.036536458,-0.045103009,-0.014456113
0.036562499,-0.043645722,-0.014456113
0.036588541,-0.043645722,-0.013777721
0.036614583,-0.045103009,-0.013777721
0.036640624,-0.045103009,-0.014456113
0.036666666,-0.045103009,-0.014456113
0.036692708,-0.045103009,-0.013777721
0.036718749,-0.043645722,-0.015134505
0.036744791,-0.043645722,-0.014456113
0.036770833,-0.045103009,-0.015134505
0.036796874,-0.043645722,-0.014456113
0.036822916,-0.043645722,-0.014456113
0.036848958,-0.043645722,-0.014456113
0.036874999,-0.043645722,-0.014456113
0.036901041,-0.043645722,-0.013777721
0.036927083,-0.042188436,-0.013777721
0.036953124,-0.043645722,-0.013777721
0.036979166,-0.043645722,-0.014456113
0.037005208,-0.043645722,-0.014456113
0.037031249,-0.042188436,-0.014456113
0.037057291,-0.043645722,-0.014456113
0.037083333,-0.045103009,-0.013777721
0.037109374,-0.043645722,-0.013777721
0.037135416,-0.043645722,-0.014456113
0.037161458,-0.043645722,-0.013099329
0.037187499,-0.043645722,-0.013777721
0.037213541,-0.042188436,-0.013099329
0.037239583,-0.043645722,-0.013777721
0.037265624,-0.043645722,-0.014456113
0.037291666,-0.043645722,-0.013777721
0.037317708,-0.043645722,-0.014456113
0.037343749,-0.043645722,-0.015134505
0.037369791,-0.045103009,-0.015134505
0.037395833,-0.045103009,-0.015812897
0.037421874,-0.043645722,-0.015134505
0.037447916,-0.043645722,-0.014456113
0.037473958,-0.043645722,-0.014456113
0.037499999,-0.043645722,-0.014456113
0.037526041,-0.043645722,-0.014456113
0.037552083,-0.043645722,-0.014456113
0.037578124,-0.045103009,-0.015134505
0.037604166,-0.045103009,-0.015134505
0.037630208,-0.043645722,-0.015134505
0.037656249,-0.045103009,-0.014456113
0.037682291,-0.043645722,-0.014456113
0.037708333,-0.045103009,-0.014456113
0.037734374,-0.045103009,-0.015134505
0.037760416,-0.043645722,-0.015134505
0.037786458,-0.045103009,-0.013777721
0.037812499,-0.043645722,-0.015134505
0.037838541,-0.043645722,-0.014456113
0.037864583,-0.043645722,-0.015134505
0.037890624,-0.043645722,-0.014456113
0.037916666,-0.045103009,-0.015134505
0.037942708,-0.045103009,-0.015134505
0.037968749,-0.043645722,-0.014456113
0.037994791,-0.045103009,-0.015134505
0.038020833,-0.045103009,-0.013777721
0.038046874,-0.045103009,-0.015134505
0.038072916,-0.045103009,-0.014456113
0.038098958,-0.043645722,-0.013777721
0.038124999,-0.045103009,-0.014456113
0.038151041,-0.043645722,-0.014456113
0.038177083,-0.045103009,-0.014456113
0.038203124,-0.045103009,-0.015134505
0.038229166,-0.045103009,-0.015134505
0.038255208,-0.043645722,-0.015134505
0.038281249,-0.043645722,-0.015134505
0.038307291,-0.043645722,-0.014456113
0.038333333,-0.043645722,-0.013777721
0.038359374,-0.045103009,-0.014456113
0.038385416,-0.045103009,-0.013777721
0.038411458,-0.045103009,-0.014456113
0.038437499,-0.045103009,-0.015134505
0.038463541,-0.045103009,-0.015134505
0.038489583,-0.043645722,-0.015134505
0.038515624,-0.045103009,-0.014456113
0.038541666,-0.045103009,-0.013777721
0.038567708,-0.045103009,-0.013777721
0.038593749,-0.043645722,-0.014456113
0.038619791,-0.043645722,-0.015812897
0.038645833,-0.043645722,-0.015134505
0.038671874,-0.043645722,-0.014456113
0.038697916,-0.043645722,-0.014456113
0.038723958,-0.045103009,-0.014456113
0.038749999,-0.043645722,-0.015134505
0.038776041,-0.043645722,-0.015134505
0.038802082,-0.043645722,-0.015134505
0.038828124,-0.043645722,-0.015134505
0.038854166,-0.043645722,-0.015812897
0.038880207,-0.043645722,-0.015134505
0.038906249,-0.045103009,-0.015134505
0.038932291,-0.043645722,-0.014456113
0.038958332,-0.045103009,-0.015134505
0.038984374,-0.045103009,-0.014456113
0.039010416,-0.045103009,-0.015134505
0.039036457,-0.045103009,-0.015134505
0.039062499,-0.045103009,-0.015134505
0.039088541,-0.045103009,-0.015812897
0.039114582,-0.045103009,-0.015812897
0.039140624,-0.043645722,-0.015812897
0.039166666,-0.045103009,-0.015134505
0.039192707,-0.045103009,-0.015812897
0.039218749,-0.043645722,-0.014456113
0.039244791,-0.043645722,-0.013777721
0.039270832,-0.043645722,-0.014456113
0.039296874,-0.043645722,-0.014456113
0.039322916,-0.043645722,-0.014456113
0.039348957,-0.043645722,-0.015134505
0.039374999,-0.043645722,-0.015134505
0.039401041,-0.043645722,-0.015134505
0.039427082,-0.043645722,-0.015134505
0.039453124,-0.043645722,-0.015134505
0.039479166,-0.043645722,-0.015134505
0.039505207,-0.043645722,-0.015134505
0.039531249,-0.043645722,-0.015134505
0.039557291,-0.043645722,-0.015134505
0.039583332,-0.043645722,-0.014456113
0.039609374,-0.043645722,-0.015134505
0.039635416,-0.045103009,-0.014456113
0.039661457,-0.045103009,-0.015134505
0.039687499,-0.043645722,-0.014456113
0.039713541,-0.043645722,-0.013099329
0.039739582,-0.043645722,-0.014456113
0.039765624,-0.043645722,-0.013777721
0.039791666,-0.043645722,-0.014456113
0.039817707,-0.045103009,-0.014456113
0.039843749,-0.043645722,-0.014456113
0.039869791,-0.043645722,-0.014456113
0.039895832,-0.043645722,-0.015134505
0.039921874,-0.045103009,-0.014456113
0.039947916,-0.043645722,-0.014456113
0.039973957,-0.043645722,-0.015134505
0.039999999,-0.045103009,-0.015134505
0.040026041,-0.043645722,-0.014456113
0.040052082,-0.043645722,-0.015812897
0.040078124,-0.043645722,-0.015134505
0.040104166,-0.043645722,-0.015134505
0.040130207,-0.045103009,-0.015134505
0.040156249,-0.043645722,-0.015134505
0.040182291,-0.043645722,-0.014456113
0.040208332,-0.043645722,-0.015134505
0.040234374,-0.045103009,-0.016491289
0.040260416,-0.045103009,-0.015812897
0.040286457,-0.045103009,-0.015812897
0.040312499,-0.045103009,-0.015134505
0.040338541,-0.045103009,-0.015134505
0.040364582,-0.043645722,-0.015134505
0.040390624,-0.042188436,-0.015812897
0.040416666,-0.042188436,-0.015812897
0.040442707,-0.043645722,-0.015134505
0.040468749,-0.043645722,-0.015812897
0.040494791,-0.043645722,-0.015812897
0.040520832,-0.043645722,-0.015812897
0.040546874,-0.043645722,-0.016491289
0.040572916,-0.045103009,-0.015812897
0.040598957,-0.045103009,-0.015134505
0.040624999,-0.045103009,-0.015134505
0.040651041,-0.043645722,-0.014456113
0.040677082,-0.043645722,-0.014456113
0.040703124,-0.045103009,-0.014456113
0.040729166,-0.045103009,-0.014456113
0.040755207,-0.045103009,-0.013777721
0.040781249,-0.045103009,-0.013777721
0.040807291,-0.045103009,-0.013099329
0.040833332,-0.043645722,-0.013777721
0.040859374,-0.043645722,-0.013777721
0.040885416,-0.043645722,-0.013777721
0.040911457,-0.043645722,-0.014456113
0.040937499,-0.043645722,-0.013777721
0.040963541,-0.045103009,-0.015134505
0.040989582,-0.043645722,-0.015134505
0.041015624,-0.043645722,-0.014456113
0.041041666,-0.043645722,-0.015134505
0.041067707,-0.043645722,-0.015134505
0.041093749,-0.043645722,-0.015134505
0.041119791,-0.043645722,-0.013777721
0.041145832,-0.043645722,-0.013777721
0.041171874,-0.045103009,-0.013777721
0.041197916,-0.045103009,-0.013777721
0.041223957,-0.043645722,-0.014456113
0.041249999,-0.045103009,-0.013777721
0.041276041,-0.045103009,-0.013777721
0.041302082,-0.043645722,-0.014456113
0.041328124,-0.043645722,-0.013099329
0.041354166,-0.043645722,-0.013777721
0.041380207,-0.045103009,-0.013777721
0.041406249,-0.043645722,-0.015134505
0.041432291,-0.043645722,-0.015134505
0.041458332,-0.043645722,-0.014456113
0.041484374,-0.045103009,-0.014456113
0.041510416,-0.043645722,-0.014456113
0.041536457,-0.043645722,-0.014456113
0.041562499,-0.043645722,-0.013777721
0.041588541,-0.043645722,-0.013777721
0.041614582,-0.043645722,-0.013777721
0.041640624,-0.045103009,-0.014456113
0.041666666,-0.043645722,-0.014456113
0.041692707,-0.043645722,-0.014456113
0.041718749,-0.043645722,-0.013777721
0.041744791,-0.043645722,-0.014456113
0.041770832,-0.045103009,-0.014456113
0.041796874,-0.045103009,-0.013777721
0.041822916,-0.045103009,-0.014456113
0.041848957,-0.045103009,-0.014456113
0.041874999,-0.043645722,-0.014456113
0.041901041,-0.045103009,-0.013777721
0.041927082,-0.045103009,-0.014456113
0.041953124,-0.043645722,-0.014456113
0.041979166,-0.043645722,-0.014456113
0.042005207,-0.043645722,-0.014456113
