Address:,USB0::0x0957::0x179B::MY54313426::0::INSTR,,Analog Channels,,,
Model:,DSO-X 2002A,,Time (s),1 (VOLT),2 (VOLT),
Serial Number:,MY54313426,,-0.0072390625,0.644736198708415,0.0168342917459086,
Firmware Version:,02.65.2021030741,,-0.0071963541675,0.644736198708415,0.0168342917459086,
Start Time:,2023-03-01 10:46:41.747,,-0.007153645835,0.644736198708415,0.0155780103523284,
,,,-0.0071109375025,0.644736198708415,0.0180905731394887,
,,,-0.00706822917,0.644736198708415,0.0168342917459086,
,,,-0.0070255208375,0.644736198708415,0.0168342917459086,
,,,-0.006982812505,0.644736198708415,0.0180905731394887,
,,,-0.0069401041725,0.644736198708415,0.0168342917459086,
,,,-0.00689739584,0.644736198708415,0.0180905731394887,
,,,-0.0068546875075,0.644736198708415,0.0180905731394887,
,,,-0.006811979175,0.644736198708415,0.0180905731394887,
,,,-0.0067692708425,0.644736198708415,0.0168342917459086,
,,,-0.00672656251,0.644736198708415,0.0180905731394887,
,,,-0.0066838541775,0.644736198708415,0.0180905731394887,
,,,-0.006641145845,0.644736198708415,0.0180905731394887,
,,,-0.0065984375125,0.644736198708415,0.0155780103523284,
,,,-0.00655572918,0.644736198708415,0.0168342917459086,
,,,-0.0065130208475,0.644736198708415,0.0155780103523284,
,,,-0.006470312515,0.644736198708415,0.0168342917459086,
,,,-0.0064276041825,0.644736198708415,0.0180905731394887,
,,,-0.00638489585,0.644736198708415,0.0168342917459086,
,,,-0.0063421875175,0.644736198708415,0.0180905731394887,
,,,-0.006299479185,0.644736198708415,0.0168342917459086,
,,,-0.0062567708525,0.644736198708415,0.0155780103523284,
,,,-0.00621406252,0.644736198708415,0.0168342917459086,
,,,-0.0061713541875,0.644736198708415,0.0168342917459086,
,,,-0.006128645855,0.644736198708415,0.0168342917459086,
,,,-0.0060859375225,0.644736198708415,0.0180905731394887,
,,,-0.00604322919,0.644736198708415,0.0168342917459086,
,,,-0.0060005208575,0.644736198708415,0.0168342917459086,
,,,-0.005957812525,0.644736198708415,0.0168342917459086,
,,,-0.0059151041925,0.644736198708415,0.0168342917459086,
,,,-0.00587239586,0.644736198708415,0.0168342917459086,
,,,-0.0058296875275,0.644736198708415,0.0168342917459086,
,,,-0.005786979195,0.644736198708415,0.0168342917459086,
,,,-0.0057442708625,0.644736198708415,0.0155780103523284,
,,,-0.00570156253,0.644736198708415,0.0168342917459086,
,,,-0.0056588541975,0.644736198708415,0.0168342917459086,
,,,-0.005616145865,0.644736198708415,0.0180905731394887,
,,,-0.0055734375325,0.644736198708415,0.0180905731394887,
,,,-0.0055307292,0.644736198708415,0.0168342917459086,
,,,-0.0054880208675,0.644736198708415,0.0168342917459086,
,,,-0.005445312535,0.644736198708415,0.0168342917459086,
,,,-0.0054026042025,0.644736198708415,0.0180905731394887,
,,,-0.00535989587,0.644736198708415,0.0168342917459086,
,,,-0.0053171875375,0.644736198708415,0.0168342917459086,
,,,-0.005274479205,0.644736198708415,0.0180905731394887,
,,,-0.0052317708725,0.644736198708415,0.0168342917459086,
,,,-0.00518906254,0.644736198708415,0.0168342917459086,
,,,-0.0051463542075,0.644736198708415,0.0155780103523284,
,,,-0.005103645875,0.644736198708415,0.0168342917459086,
,,,-0.0050609375425,0.644736198708415,0.0168342917459086,
,,,-0.00501822921,0.644736198708415,0.0180905731394887,
,,,-0.0049755208775,0.644736198708415,0.0180905731394887,
,,,-0.004932812545,0.644736198708415,0.0155780103523284,
,,,-0.0048901042125,0.644736198708415,0.0155780103523284,
,,,-0.00484739588,0.644736198708415,0.0168342917459086,
,,,-0.0048046875475,0.644736198708415,0.0168342917459086,
,,,-0.004761979215,0.644736198708415,0.0155780103523284,
,,,-0.0047192708825,0.644736198708415,0.0168342917459086,
,,,-0.00467656255,0.644736198708415,0.0168342917459086,
,,,-0.0046338542175,0.644736198708415,0.0180905731394887,
,,,-0.004591145885,0.644736198708415,0.0168342917459086,
,,,-0.0045484375525,0.644736198708415,0.0168342917459086,
,,,-0.00450572922,0.644736198708415,0.0155780103523284,
,,,-0.0044630208875,0.644736198708415,0.0168342917459086,
,,,-0.004420312555,0.644736198708415,0.0168342917459086,
,,,-0.0043776042225,0.644736198708415,0.0180905731394887,
,,,-0.00433489589,0.644736198708415,0.0180905731394887,
,,,-0.0042921875575,0.644736198708415,0.0180905731394887,
,,,-0.004249479225,0.644736198708415,0.0168342917459086,
,,,-0.0042067708925,0.644736198708415,0.0180905731394887,
,,,-0.00416406256,0.644736198708415,0.0168342917459086,
,,,-0.0041213542275,0.644736198708415,0.0180905731394887,
,,,-0.004078645895,0.644736198708415,0.0168342917459086,
,,,-0.0040359375625,0.644736198708415,0.0168342917459086,
,,,-0.00399322923,0.644736198708415,0.0180905731394887,
,,,-0.0039505208975,0.644736198708415,0.0168342917459086,
,,,-0.003907812565,0.644736198708415,0.0155780103523284,
,,,-0.0038651042325,0.644736198708415,0.0168342917459086,
,,,-0.0038223959,0.644736198708415,0.0180905731394887,
,,,-0.0037796875675,0.644736198708415,0.0180905731394887,
,,,-0.003736979235,0.644736198708415,0.0180905731394887,
,,,-0.0036942709025,0.644736198708415,0.0193468545330688,
,,,-0.00365156257,0.644736198708415,0.0168342917459086,
,,,-0.0036088542375,0.644736198708415,0.0180905731394887,
,,,-0.003566145905,0.644736198708415,0.0180905731394887,
,,,-0.0035234375725,0.644736198708415,0.0168342917459086,
,,,-0.00348072924,0.644736198708415,0.0168342917459086,
,,,-0.0034380209075,0.644736198708415,0.0168342917459086,
,,,-0.003395312575,0.644736198708415,0.0180905731394887,
,,,-0.0033526042425,0.644736198708415,0.0180905731394887,
,,,-0.00330989591,0.644736198708415,0.0168342917459086,
,,,-0.0032671875775,0.644736198708415,0.0180905731394887,
,,,-0.003224479245,0.644736198708415,0.0168342917459086,
,,,-0.0031817709125,0.644736198708415,0.0168342917459086,
,,,-0.00313906258,0.644736198708415,0.0168342917459086,
,,,-0.0030963542475,0.644736198708415,0.0168342917459086,
,,,-0.003053645915,0.644736198708415,0.0180905731394887,
,,,-0.0030109375825,0.644736198708415,0.0168342917459086,
,,,-0.00296822925,0.644736198708415,0.0168342917459086,
,,,-0.0029255209175,0.644736198708415,0.0168342917459086,
,,,-0.002882812585,0.644736198708415,0.0168342917459086,
,,,-0.0028401042525,0.644736198708415,0.0168342917459086,
,,,-0.00279739592,0.644736198708415,0.0168342917459086,
,,,-0.0027546875875,0.644736198708415,0.0168342917459086,
,,,-0.002711979255,0.644736198708415,0.0168342917459086,
,,,-0.0026692709225,0.644736198708415,0.0155780103523284,
,,,-0.00262656259,0.644736198708415,0.0155780103523284,
,,,-0.0025838542575,0.644736198708415,0.0155780103523284,
,,,-0.002541145925,0.644736198708415,0.0168342917459086,
,,,-0.0024984375925,0.644736198708415,0.0168342917459086,
,,,-0.00245572926,0.644736198708415,0.0168342917459086,
,,,-0.0024130209275,0.644736198708415,0.0155780103523284,
,,,-0.002370312595,0.644736198708415,0.0168342917459086,
,,,-0.0023276042625,0.644736198708415,0.0180905731394887,
,,,-0.00228489593,0.644736198708415,0.0180905731394887,
,,,-0.0022421875975,0.644736198708415,0.0168342917459086,
,,,-0.002199479265,0.644736198708415,0.0180905731394887,
,,,-0.0021567709325,0.644736198708415,0.0168342917459086,
,,,-0.0021140626,0.644736198708415,0.0180905731394887,
,,,-0.0020713542675,0.644736198708415,0.0168342917459086,
,,,-0.002028645935,0.644736198708415,0.0180905731394887,
,,,-0.0019859376025,0.644736198708415,0.0168342917459086,
,,,-0.00194322927,0.644736198708415,0.0168342917459086,
,,,-0.0019005209375,0.644736198708415,0.0168342917459086,
,,,-0.001857812605,0.644736198708415,0.0168342917459086,
,,,-0.0018151042725,0.644736198708415,0.0168342917459086,
,,,-0.00177239594,0.644736198708415,0.0168342917459086,
,,,-0.0017296876075,0.644736198708415,0.0180905731394887,
,,,-0.001686979275,0.644736198708415,0.0168342917459086,
,,,-0.0016442709425,0.644736198708415,0.0180905731394887,
,,,-0.00160156261,0.644736198708415,0.0180905731394887,
,,,-0.0015588542775,0.644736198708415,0.0180905731394887,
,,,-0.001516145945,0.644736198708415,0.0168342917459086,
,,,-0.0014734376125,0.644736198708415,0.0168342917459086,
,,,-0.00143072928,0.644736198708415,0.0168342917459086,
,,,-0.0013880209475,0.644736198708415,0.0180905731394887,
,,,-0.001345312615,0.644736198708415,0.0180905731394887,
,,,-0.0013026042825,0.644736198708415,0.0168342917459086,
,,,-0.00125989595,0.644736198708415,0.0180905731394887,
,,,-0.0012171876175,0.644736198708415,0.0180905731394887,
,,,-0.001174479285,0.644736198708415,0.0168342917459086,
,,,-0.0011317709525,0.644736198708415,0.0180905731394887,
,,,-0.00108906262,0.644736198708415,0.0180905731394887,
,,,-0.0010463542875,0.644736198708415,0.0168342917459086,
,,,-0.001003645955,0.644736198708415,0.0168342917459086,
,,,-0.000960937622500001,0.644736198708415,0.0180905731394887,
,,,-0.00091822929,0.644736198708415,0.0168342917459086,
,,,-0.0008755209575,0.644736198708415,0.0180905731394887,
,,,-0.000832812625,0.644736198708415,0.0168342917459086,
,,,-0.000790104292500001,0.644736198708415,0.0168342917459086,
,,,-0.00074739596,0.644736198708415,0.0168342917459086,
,,,-0.0007046876275,0.644736198708415,0.0155780103523284,
,,,-0.000661979295,0.644736198708415,0.0168342917459086,
,,,-0.000619270962500001,0.644736198708415,0.0168342917459086,
,,,-0.00057656263,0.644736198708415,0.0180905731394887,
,,,-0.0005338542975,0.644736198708415,0.0180905731394887,
,,,-0.000491145965,0.644736198708415,0.0168342917459086,
,,,-0.000448437632500001,0.644736198708415,0.0168342917459086,
,,,-0.0004057293,0.644736198708415,0.0180905731394887,
,,,-0.0003630209675,0.644736198708415,0.0168342917459086,
,,,-0.000320312635,0.644736198708415,0.0168342917459086,
,,,-0.000277604302500001,0.644736198708415,0.0180905731394887,
,,,-0.00023489597,0.644736198708415,0.0180905731394887,
,,,-0.0001921876375,0.644736198708415,0.0168342917459086,
,,,-0.000149479305,0.644736198708415,0.0168342917459086,
,,,-0.000106770972500001,0.644736198708415,0.0168342917459086,
,,,-6.40626400000002E-05,0.644736198708415,0.0155780103523284,
,,,-2.13543074999998E-05,0.644736198708415,0.0168342917459086,
,,,2.13540249999998E-05,3.00654521863908,0.945226241601631,
,,,6.40623574999994E-05,3.01282662560698,0.947738804388791,
,,,0.00010677069,3.0178517511813,0.950251367175952,
,,,0.0001494790225,3.02162059536204,0.950251367175952,
,,,0.000192187355,3.02664572093636,0.950251367175952,
,,,0.000234895687499999,3.0304145651171,0.951507648569532,
,,,0.00027760402,3.03292712790426,0.952763929963112,
,,,0.0003203123525,3.03418340929784,0.951507648569532,
,,,0.000363020685,3.03795225347858,0.954020211356692,
,,,0.000405729017499999,3.04046481626574,0.952763929963112,
,,,0.00044843735,3.0429773790529,0.954020211356692,
,,,0.0004911456825,3.04423366044648,0.954020211356692,
,,,0.000533854015,3.04674622323364,0.954020211356692,
,,,0.000576562347499999,3.04800250462722,0.954020211356692,
,,,0.00061927068,3.04800250462722,0.955276492750272,
,,,0.0006619790125,3.05051506741438,0.956532774143852,
,,,0.000704687345000001,3.05177134880796,0.956532774143852,
,,,0.000747395677499999,3.05302763020154,0.956532774143852,
,,,0.00079010401,3.05428391159512,0.956532774143852,
,,,0.0008328123425,3.05679647438228,0.957789055537432,
,,,0.000875520674999999,3.05930903716944,0.957789055537432,
,,,0.000918229007499999,3.05930903716944,0.959045336931013,
,,,0.00096093734,3.0618215999566,0.959045336931013,
,,,0.0010036456725,3.06307788135018,0.959045336931013,
,,,0.001046354005,3.06433416274376,0.960301618324593,
,,,0.0010890623375,3.06559044413734,0.960301618324593,
,,,0.00113177067,3.06684672553092,0.960301618324593,
,,,0.0011744790025,3.06684672553092,0.959045336931013,
,,,0.001217187335,3.0681030069245,0.960301618324593,
,,,0.0012598956675,3.06935928831808,0.960301618324593,
,,,0.001302604,3.07061556971166,0.960301618324593,
,,,0.0013453123325,3.07187185110524,0.960301618324593,
,,,0.001388020665,3.07312813249882,0.960301618324593,
,,,0.0014307289975,3.0743844138924,0.961557899718173,
,,,0.00147343733,3.0743844138924,0.960301618324593,
,,,0.0015161456625,3.07564069528598,0.961557899718173,
,,,0.001558853995,3.07689697667956,0.961557899718173,
,,,0.0016015623275,3.07689697667956,0.961557899718173,
,,,0.00164427066,3.07940953946672,0.961557899718173,
,,,0.0016869789925,3.07940953946672,0.962814181111753,
,,,0.001729687325,3.07940953946672,0.962814181111753,
,,,0.0017723956575,3.0806658208603,0.962814181111753,
,,,0.00181510399,3.08317838364746,0.961557899718173,
,,,0.0018578123225,3.08317838364746,0.961557899718173,
,,,0.001900520655,3.08443466504104,0.962814181111753,
,,,0.0019432289875,3.08569094643462,0.962814181111753,
,,,0.00198593732,3.0869472278282,0.962814181111753,
,,,0.0020286456525,3.08820350922178,0.962814181111753,
,,,0.002071353985,3.08820350922178,0.964070462505333,
,,,0.0021140623175,3.08820350922178,0.964070462505333,
,,,0.00215677065,3.09071607200895,0.962814181111753,
,,,0.0021994789825,3.09197235340253,0.961557899718173,
,,,0.002242187315,3.09197235340253,0.964070462505333,
,,,0.0022848956475,3.09322863479611,0.964070462505333,
,,,0.00232760398,3.09322863479611,0.962814181111753,
,,,0.0023703123125,3.09448491618969,0.962814181111753,
,,,0.002413020645,3.09448491618969,0.964070462505333,
,,,0.0024557289775,3.09574119758327,0.964070462505333,
,,,0.00249843731,3.09699747897685,0.964070462505333,
,,,0.0025411456425,3.09825376037043,0.962814181111753,
,,,0.002583853975,3.09951004176401,0.964070462505333,
,,,0.0026265623075,3.09951004176401,0.965326743898913,
,,,0.00266927064,3.10076632315759,0.964070462505333,
,,,0.0027119789725,3.10076632315759,0.964070462505333,
,,,0.002754687305,3.10202260455117,0.964070462505333,
,,,0.0027973956375,3.10327888594475,0.964070462505333,
,,,0.00284010397,3.10327888594475,0.964070462505333,
,,,0.0028828123025,3.10453516733833,0.964070462505333,
,,,0.002925520635,3.10453516733833,0.964070462505333,
,,,0.0029682289675,3.10579144873191,0.964070462505333,
,,,0.0030109373,3.10579144873191,0.965326743898913,
,,,0.0030536456325,3.10704773012549,0.965326743898913,
,,,0.003096353965,3.10830401151907,0.965326743898913,
,,,0.0031390622975,3.10956029291265,0.965326743898913,
,,,0.00318177063,3.11081657430623,0.965326743898913,
,,,0.0032244789625,3.11081657430623,0.964070462505333,
,,,0.003267187295,3.11207285569981,0.965326743898913,
,,,0.0033098956275,3.11332913709339,0.965326743898913,
,,,0.00335260396,3.11458541848697,0.966583025292493,
,,,0.0033953122925,3.11458541848697,0.965326743898913,
,,,0.003438020625,3.11458541848697,0.966583025292493,
,,,0.0034807289575,3.11458541848697,0.966583025292493,
,,,0.00352343729,3.11584169988055,0.965326743898913,
,,,0.0035661456225,3.11709798127413,0.965326743898913,
,,,0.003608853955,3.11835426266771,0.966583025292493,
,,,0.0036515622875,3.11835426266771,0.966583025292493,
,,,0.00369427062,3.11961054406129,0.966583025292493,
,,,0.0037369789525,3.12086682545487,0.966583025292493,
,,,0.003779687285,3.12212310684845,0.966583025292493,
,,,0.0038223956175,3.12212310684845,0.967839306686074,
,,,0.00386510395,3.12212310684845,0.966583025292493,
,,,0.0039078122825,3.12212310684845,0.967839306686074,
,,,0.003950520615,3.12463566963561,0.967839306686074,
,,,0.0039932289475,3.12589195102919,0.967839306686074,
,,,0.00403593728,3.12589195102919,0.967839306686074,
,,,0.0040786456125,3.12714823242277,0.967839306686074,
,,,0.004121353945,3.12714823242277,0.967839306686074,
,,,0.0041640622775,3.12840451381635,0.967839306686074,
,,,0.00420677061,3.12840451381635,0.967839306686074,
,,,0.0042494789425,3.13091707660351,0.967839306686074,
,,,0.004292187275,3.13091707660351,0.967839306686074,
,,,0.0043348956075,3.13091707660351,0.967839306686074,
,,,0.00437760394,3.13342963939067,0.967839306686074,
,,,0.0044203122725,3.13468592078425,0.966583025292493,
,,,0.004463020605,3.13468592078425,0.967839306686074,
,,,0.0045057289375,3.13594220217783,0.966583025292493,
,,,0.00454843727,3.13719848357141,0.967839306686074,
,,,0.0045911456025,3.13719848357141,0.969095588079654,
,,,0.004633853935,3.13719848357141,0.967839306686074,
,,,0.0046765622675,3.13845476496499,0.969095588079654,
,,,0.0047192706,3.13845476496499,0.969095588079654,
,,,0.0047619789325,3.13971104635857,0.969095588079654,
,,,0.004804687265,3.14096732775215,0.969095588079654,
,,,0.0048473955975,3.14096732775215,0.969095588079654,
,,,0.00489010393,3.14222360914573,0.969095588079654,
,,,0.0049328122625,3.14347989053931,0.969095588079654,
,,,0.004975520595,3.14347989053931,0.967839306686074,
,,,0.0050182289275,3.14347989053931,0.967839306686074,
,,,0.00506093726,3.14599245332647,0.967839306686074,
,,,0.0051036455925,3.14724873472005,0.969095588079654,
,,,0.005146353925,3.14724873472005,0.967839306686074,
,,,0.0051890622575,3.14724873472005,0.969095588079654,
,,,0.00523177059,3.14850501611363,0.969095588079654,
,,,0.0052744789225,3.14976129750721,0.969095588079654,
,,,0.005317187255,3.14976129750721,0.969095588079654,
,,,0.0053598955875,3.15101757890079,0.967839306686074,
,,,0.00540260392,3.15227386029437,0.969095588079654,
,,,0.0054453122525,3.15227386029437,0.967839306686074,
,,,0.005488020585,3.15353014168795,0.967839306686074,
,,,0.0055307289175,3.15227386029437,0.969095588079654,
,,,0.00557343725,3.15478642308153,0.969095588079654,
,,,0.0056161455825,3.15478642308153,0.969095588079654,
,,,0.005658853915,3.15478642308153,0.969095588079654,
,,,0.0057015622475,3.15604270447511,0.969095588079654,
,,,0.00574427058,3.15729898586869,0.970351869473234,
,,,0.0057869789125,3.15729898586869,0.969095588079654,
,,,0.005829687245,3.15855526726227,0.969095588079654,
,,,0.0058723955775,3.15855526726227,0.969095588079654,
,,,0.00591510391,3.15981154865585,0.969095588079654,
,,,0.0059578122425,3.15855526726227,0.970351869473234,
,,,0.006000520575,3.16106783004943,0.970351869473234,
,,,0.0060432289075,3.16232411144301,0.970351869473234,
,,,0.00608593724,3.16358039283659,0.970351869473234,
,,,0.0061286455725,3.16232411144301,0.970351869473234,
,,,0.006171353905,3.16358039283659,0.970351869473234,
,,,0.0062140622375,3.16358039283659,0.970351869473234,
,,,0.00625677057,3.16609295562375,0.970351869473234,
,,,0.0062994789025,3.16609295562375,0.970351869473234,
,,,0.006342187235,3.16734923701733,0.970351869473234,
,,,0.0063848955675,3.16860551841091,0.970351869473234,
,,,0.0064276039,3.16860551841091,0.970351869473234,
,,,0.0064703122325,3.16860551841091,0.970351869473234,
,,,0.006513020565,3.16986179980449,0.970351869473234,
,,,0.0065557288975,3.17111808119807,0.971608150866814,
,,,0.00659843723,3.17111808119807,0.970351869473234,
,,,0.0066411455625,3.17111808119807,0.971608150866814,
,,,0.006683853895,3.17111808119807,0.971608150866814,
,,,0.0067265622275,3.17237436259165,0.970351869473234,
,,,0.00676927056,3.17237436259165,0.971608150866814,
,,,0.0068119788925,3.17488692537881,0.970351869473234,
,,,0.006854687225,3.17614320677239,0.971608150866814,
,,,0.0068973955575,3.17614320677239,0.971608150866814,
,,,0.00694010389,3.17739948816597,0.971608150866814,
,,,0.0069828122225,3.17739948816597,0.971608150866814,
,,,0.007025520555,3.17739948816597,0.971608150866814,
,,,0.0070682288875,3.17865576955955,0.971608150866814,
,,,0.00711093722,3.17865576955955,0.971608150866814,
,,,0.0071536455525,3.17991205095313,0.970351869473234,
,,,0.007196353885,3.18116833234672,0.971608150866814,
,,,0.0072390622175,3.1824246137403,0.969095588079654,
,,,0.00728177055,3.18116833234672,0.969095588079654,
,,,0.0073244788825,3.1824246137403,0.970351869473234,
,,,0.007367187215,3.18116833234672,0.970351869473234,
,,,0.0074098955475,3.1824246137403,0.971608150866814,
,,,0.00745260388,3.18368089513388,0.970351869473234,
,,,0.0074953122125,3.18368089513388,0.970351869473234,
,,,0.007538020545,3.18493717652746,0.970351869473234,
,,,0.0075807288775,3.18744973931462,0.970351869473234,
,,,0.00762343721,3.18744973931462,0.970351869473234,
,,,0.0076661455425,3.18744973931462,0.971608150866814,
,,,0.007708853875,3.1887060207082,0.970351869473234,
,,,0.0077515622075,3.18996230210178,0.971608150866814,
,,,0.00779427054,3.18996230210178,0.971608150866814,
,,,0.0078369788725,3.19121858349536,0.971608150866814,
,,,0.007879687205,3.18996230210178,0.970351869473234,
,,,0.0079223955375,3.19121858349536,0.970351869473234,
,,,0.00796510387,3.18996230210178,0.970351869473234,
,,,0.0080078122025,3.19247486488894,0.971608150866814,
,,,0.008050520535,3.19247486488894,0.971608150866814,
,,,0.0080932288675,3.19247486488894,0.971608150866814,
,,,0.0081359372,3.19373114628252,0.971608150866814,
,,,0.0081786455325,3.19624370906968,0.971608150866814,
,,,0.008221353865,3.19624370906968,0.972864432260394,
,,,0.0082640621975,3.19624370906968,0.971608150866814,
,,,0.00830677053,3.19875627185684,0.971608150866814,
,,,0.0083494788625,3.19749999046326,0.972864432260394,
,,,0.008392187195,3.19749999046326,0.971608150866814,
,,,0.0084348955275,3.19875627185684,0.971608150866814,
,,,0.00847760386,3.19875627185684,0.972864432260394,
,,,0.0085203121925,3.19875627185684,0.972864432260394,
,,,0.008563020525,3.19875627185684,0.970351869473234,
,,,0.0086057288575,3.20001255325042,0.971608150866814,
,,,0.00864843719,3.201268834644,0.971608150866814,
,,,0.0086911455225,3.201268834644,0.971608150866814,
,,,0.008733853855,3.20378139743116,0.971608150866814,
,,,0.0087765621875,3.20503767882474,0.971608150866814,
,,,0.00881927052,3.20378139743116,0.972864432260394,
,,,0.0088619788525,3.20503767882474,0.971608150866814,
,,,0.008904687185,3.20378139743116,0.972864432260394,
,,,0.0089473955175,3.20503767882474,0.971608150866814,
,,,0.00899010385,3.20629396021832,0.971608150866814,
,,,0.0090328121825,3.2075502416119,0.971608150866814,
,,,0.009075520515,3.2075502416119,0.972864432260394,
,,,0.0091182288475,3.2075502416119,0.972864432260394,
,,,0.00916093718,3.2075502416119,0.972864432260394,
,,,0.0092036455125,3.20880652300548,0.972864432260394,
,,,0.009246353845,3.21006280439906,0.974120713653974,
,,,0.0092890621775,3.21131908579264,0.972864432260394,
,,,0.00933177051,3.21131908579264,0.972864432260394,
,,,0.0093744788425,3.21131908579264,0.971608150866814,
,,,0.009417187175,3.21131908579264,0.971608150866814,
,,,0.0094598955075,3.21257536718622,0.971608150866814,
,,,0.00950260384,3.2138316485798,0.972864432260394,
,,,0.0095453121725,3.2138316485798,0.972864432260394,
,,,0.009588020505,3.21508792997338,0.972864432260394,
,,,0.0096307288375,3.21634421136696,0.972864432260394,
,,,0.00967343717,3.21634421136696,0.972864432260394,
,,,0.0097161455025,3.21760049276054,0.972864432260394,
,,,0.009758853835,3.21760049276054,0.972864432260394,
,,,0.0098015621675,3.2201130555477,0.972864432260394,
,,,0.0098442705,3.2201130555477,0.972864432260394,
,,,0.0098869788325,3.21885677415412,0.971608150866814,
,,,0.009929687165,3.2201130555477,0.970351869473234,
,,,0.0099723954975,3.22136933694128,0.970351869473234,
,,,0.01001510383,3.22262561833486,0.971608150866814,
,,,0.0100578121625,3.22262561833486,0.972864432260394,
,,,0.010100520495,3.22513818112202,0.974120713653974,
,,,0.0101432288275,3.22388189972844,0.974120713653974,
,,,0.01018593716,3.22388189972844,0.972864432260394,
,,,0.0102286454925,3.22513818112202,0.972864432260394,
,,,0.010271353825,3.2263944625156,0.974120713653974,
,,,0.0103140621575,3.22765074390918,0.972864432260394,
,,,0.01035677049,3.22765074390918,0.974120713653974,
,,,0.0103994788225,3.22765074390918,0.974120713653974,
,,,0.010442187155,3.22765074390918,0.974120713653974,
,,,0.0104848954875,3.22890702530276,0.972864432260394,
,,,0.01052760382,3.23016330669634,0.972864432260394,
,,,0.0105703121525,3.23016330669634,0.972864432260394,
,,,0.010613020485,3.23141958808992,0.972864432260394,
,,,0.0106557288175,3.23141958808992,0.972864432260394,
,,,0.01069843715,3.2326758694835,0.971608150866814,
,,,0.0107411454825,3.2326758694835,0.972864432260394,
,,,0.010783853815,3.23393215087708,0.972864432260394,
,,,0.0108265621475,3.23393215087708,0.972864432260394,
,,,0.01086927048,3.23518843227066,0.974120713653974,
,,,0.0109119788125,3.23518843227066,0.974120713653974,
,,,0.010954687145,3.23518843227066,0.974120713653974,
,,,0.0109973954775,3.23644471366424,0.974120713653974,
,,,0.01104010381,3.23518843227066,0.972864432260394,
,,,0.0110828121425,3.23644471366424,0.974120713653974,
,,,0.011125520475,3.23770099505782,0.974120713653974,
,,,0.0111682288075,3.2389572764514,0.972864432260394,
,,,0.01121093714,3.2389572764514,0.974120713653974,
,,,0.0112536454725,3.24021355784498,0.972864432260394,
,,,0.011296353805,3.24021355784498,0.972864432260394,
,,,0.0113390621375,3.24021355784498,0.974120713653974,
,,,0.01138177047,3.24146983923856,0.974120713653974,
,,,0.0114244788025,3.24272612063214,0.974120713653974,
,,,0.011467187135,3.24272612063214,0.974120713653974,
,,,0.0115098954675,3.24272612063214,0.972864432260394,
,,,0.0115526038,3.24398240202572,0.972864432260394,
,,,0.0115953121325,3.2452386834193,0.972864432260394,
,,,0.011638020465,3.2452386834193,0.974120713653974,
,,,0.0116807287975,3.24649496481288,0.974120713653974,
,,,0.01172343713,3.24649496481288,0.974120713653974,
,,,0.0117661454625,3.24775124620646,0.974120713653974,
,,,0.011808853795,3.24775124620646,0.974120713653974,
,,,0.0118515621275,3.24900752760004,0.972864432260394,
,,,0.01189427046,3.24775124620646,0.972864432260394,
,,,0.0119369787925,3.24900752760004,0.972864432260394,
,,,0.011979687125,3.24900752760004,0.972864432260394,
,,,0.0120223954575,3.25026380899362,0.974120713653974,
,,,0.01206510379,3.2515200903872,0.972864432260394,
,,,0.0121078121225,3.2515200903872,0.971608150866814,
,,,0.012150520455,3.2515200903872,0.972864432260394,
,,,0.0121932287875,3.25277637178078,0.974120713653974,
,,,0.01223593712,3.25403265317436,0.974120713653974,
,,,0.0122786454525,3.25403265317436,0.974120713653974,
,,,0.012321353785,3.25403265317436,0.974120713653974,
,,,0.0123640621175,3.25403265317436,0.974120713653974,
,,,0.01240677045,3.25528893456794,0.974120713653974,
,,,0.0124494787825,3.25528893456794,0.975376995047554,
,,,0.012492187115,3.25654521596152,0.975376995047554,
,,,0.0125348954475,3.25654521596152,0.974120713653974,
,,,0.01257760378,3.2578014973551,0.974120713653974,
,,,0.0126203121125,3.2578014973551,0.972864432260394,
,,,0.012663020445,3.25905777874868,0.974120713653974,
,,,0.0127057287775,3.26031406014226,0.974120713653974,
,,,0.01274843711,3.26157034153584,0.974120713653974,
,,,0.0127911454425,3.26031406014226,0.974120713653974,
,,,0.012833853775,3.26157034153584,0.974120713653974,
,,,0.0128765621075,3.26157034153584,0.974120713653974,
,,,0.01291927044,3.26157034153584,0.974120713653974,
,,,0.0129619787725,3.26157034153584,0.974120713653974,
,,,0.013004687105,3.26282662292942,0.974120713653974,
,,,0.0130473954375,3.26282662292942,0.974120713653974,
,,,0.01309010377,3.264082904323,0.974120713653974,
,,,0.0131328121025,3.26533918571658,0.974120713653974,
,,,0.013175520435,3.26533918571658,0.975376995047554,
,,,0.0132182287675,3.26659546711016,0.974120713653974,
,,,0.0132609371,3.26659546711016,0.974120713653974,
,,,0.0133036454325,3.26785174850374,0.974120713653974,
,,,0.013346353765,3.26785174850374,0.975376995047554,
,,,0.0133890620975,3.26785174850374,0.974120713653974,
,,,0.01343177043,3.26910802989732,0.974120713653974,
,,,0.0134744787625,3.26910802989732,0.974120713653974,
,,,0.013517187095,3.2703643112909,0.974120713653974,
,,,0.0135598954275,3.2703643112909,0.974120713653974,
,,,0.01360260376,3.27162059268449,0.974120713653974,
,,,0.0136453120925,3.27162059268449,0.975376995047554,
,,,0.013688020425,3.27413315547165,0.974120713653974,
,,,0.0137307287575,3.27413315547165,0.974120713653974,
,,,0.01377343709,3.27413315547165,0.975376995047554,
,,,0.0138161454225,3.27538943686523,0.974120713653974,
,,,0.013858853755,3.27538943686523,0.974120713653974,
,,,0.0139015620875,3.27538943686523,0.975376995047554,
,,,0.01394427042,3.27664571825881,0.974120713653974,
,,,0.0139869787525,3.27790199965239,0.974120713653974,
,,,0.014029687085,3.27915828104597,0.975376995047554,
,,,0.0140723954175,3.27915828104597,0.974120713653974,
,,,0.01411510375,3.28041456243955,0.974120713653974,
,,,0.0141578120825,3.28041456243955,0.974120713653974,
,,,0.014200520415,3.28041456243955,0.974120713653974,
,,,0.0142432287475,3.28041456243955,0.974120713653974,
,,,0.01428593708,3.28167084383313,0.975376995047554,
,,,0.0143286454125,3.28167084383313,0.974120713653974,
,,,0.014371353745,3.28167084383313,0.975376995047554,
,,,0.0144140620775,3.28292712522671,0.974120713653974,
,,,0.01445677041,3.28418340662029,0.975376995047554,
,,,0.0144994787425,3.28543968801387,0.974120713653974,
,,,0.014542187075,3.28418340662029,0.972864432260394,
,,,0.0145848954075,3.28543968801387,0.974120713653974,
,,,0.01462760374,3.28543968801387,0.974120713653974,
,,,0.0146703120725,3.28669596940745,0.972864432260394,
,,,0.014713020405,3.28669596940745,0.972864432260394,
,,,0.0147557287375,3.28795225080103,0.972864432260394,
,,,0.01479843707,3.28920853219461,0.974120713653974,
,,,0.0148411454025,3.28920853219461,0.974120713653974,
,,,0.014883853735,3.29046481358819,0.974120713653974,
,,,0.0149265620675,3.28920853219461,0.975376995047554,
,,,0.0149692704,3.29046481358819,0.974120713653974,
,,,0.0150119787325,3.29046481358819,0.974120713653974,
,,,0.015054687065,3.29046481358819,0.974120713653974,
,,,0.0150973953975,3.29297737637535,0.974120713653974,
,,,0.01514010373,3.29297737637535,0.974120713653974,
,,,0.0151828120625,3.29423365776893,0.974120713653974,
,,,0.015225520395,3.29423365776893,0.974120713653974,
,,,0.0152682287275,3.29548993916251,0.975376995047554,
,,,0.01531093706,3.29548993916251,0.975376995047554,
,,,0.0153536453925,3.29548993916251,0.975376995047554,
,,,0.015396353725,3.29674622055609,0.974120713653974,
,,,0.0154390620575,3.29800250194967,0.975376995047554,
,,,0.01548177039,3.29800250194967,0.974120713653974,
,,,0.0155244787225,3.29800250194967,0.974120713653974,
,,,0.015567187055,3.29925878334325,0.974120713653974,
,,,0.0156098953875,3.30051506473683,0.974120713653974,
,,,0.01565260372,3.30051506473683,0.975376995047554,
,,,0.0156953120525,3.30051506473683,0.974120713653974,
,,,0.015738020385,3.30177134613041,0.974120713653974,
,,,0.0157807287175,3.30177134613041,0.972864432260394,
,,,0.01582343705,3.30302762752399,0.974120713653974,
,,,0.0158661453825,3.30428390891757,0.974120713653974,
,,,0.015908853715,3.30428390891757,0.972864432260394,
,,,0.0159515620475,3.30428390891757,0.974120713653974,
,,,0.01599427038,3.30554019031115,0.975376995047554,
,,,0.0160369787125,3.30679647170473,0.974120713653974,
,,,0.016079687045,3.30554019031115,0.975376995047554,
,,,0.0161223953775,3.30679647170473,0.975376995047554,
,,,0.01616510371,3.30679647170473,0.975376995047554,
,,,0.0162078120425,3.30679647170473,0.975376995047554,
,,,0.016250520375,3.30805275309831,0.975376995047554,
,,,0.0162932287075,3.30930903449189,0.975376995047554,
,,,0.01633593704,3.31056531588547,0.975376995047554,
,,,0.0163786453725,3.31056531588547,0.975376995047554,
,,,0.016421353705,3.31182159727905,0.976633276441135,
,,,0.0164640620375,3.31307787867263,0.976633276441135,
,,,0.01650677037,3.31307787867263,0.976633276441135,
,,,0.0165494787025,3.31433416006621,0.975376995047554,
,,,0.016592187035,3.31433416006621,0.975376995047554,
,,,0.0166348953675,3.31433416006621,0.977889557834715,
,,,0.0166776037,3.31559044145979,0.975376995047554,
,,,0.0167203120325,3.31559044145979,0.975376995047554,
,,,0.016763020365,3.31684672285337,0.974120713653974,
,,,0.0168057286975,3.31684672285337,0.975376995047554,
,,,0.01684843703,3.31684672285337,0.974120713653974,
,,,0.0168911453625,3.31810300424695,0.975376995047554,
,,,0.016933853695,3.31935928564053,0.975376995047554,
,,,0.0169765620275,3.31935928564053,0.975376995047554,
,,,0.01701927036,3.32061556703411,0.976633276441135,
,,,0.0170619786925,3.32187184842769,0.975376995047554,
,,,0.017104687025,3.32187184842769,0.975376995047554,
,,,0.0171473953575,3.32187184842769,0.975376995047554,
,,,0.01719010369,3.32187184842769,0.975376995047554,
,,,0.0172328120225,3.32187184842769,0.975376995047554,
,,,0.017275520355,3.32312812982127,0.975376995047554,
,,,0.0173182286875,3.32564069260843,0.976633276441135,
,,,0.01736093702,3.32564069260843,0.976633276441135,
,,,0.0174036453525,3.32689697400201,0.975376995047554,
,,,0.017446353685,3.32689697400201,0.976633276441135,
,,,0.0174890620175,3.32815325539559,0.975376995047554,
,,,0.01753177035,3.32815325539559,0.975376995047554,
,,,0.0175744786825,3.32815325539559,0.975376995047554,
,,,0.017617187015,3.32940953678917,0.975376995047554,
,,,0.0176598953475,3.32940953678917,0.975376995047554,
,,,0.01770260368,3.32940953678917,0.974120713653974,
,,,0.0177453120125,3.32940953678917,0.974120713653974,
,,,0.017788020345,3.32940953678917,0.974120713653974,
,,,0.0178307286775,3.33066581818275,0.974120713653974,
,,,0.01787343701,3.33192209957633,0.975376995047554,
,,,0.0179161453425,3.33192209957633,0.975376995047554,
,,,0.017958853675,3.33317838096991,0.975376995047554,
,,,0.0180015620075,3.33443466236349,0.974120713653974,
,,,0.01804427034,3.33569094375707,0.975376995047554,
,,,0.0180869786725,3.33443466236349,0.975376995047554,
,,,0.018129687005,3.33569094375707,0.975376995047554,
,,,0.0181723953375,3.33569094375707,0.974120713653974,
,,,0.01821510367,3.33569094375707,0.975376995047554,
,,,0.0182578120025,3.33694722515065,0.975376995047554,
,,,0.018300520335,3.33694722515065,0.975376995047554,
,,,0.0183432286675,3.33945978793781,0.975376995047554,
,,,0.018385937,3.33945978793781,0.975376995047554,
,,,0.0184286453325,3.33945978793781,0.974120713653974,
,,,0.018471353665,3.33945978793781,0.975376995047554,
,,,0.0185140619975,3.34071606933139,0.975376995047554,
,,,0.01855677033,3.34071606933139,0.976633276441135,
,,,0.0185994786625,3.34197235072497,0.976633276441135,
,,,0.018642186995,3.34197235072497,0.975376995047554,
,,,0.0186848953275,3.34197235072497,0.975376995047554,
,,,0.01872760366,3.34322863211855,0.975376995047554,
,,,0.0187703119925,3.34448491351213,0.975376995047554,
,,,0.018813020325,3.34322863211855,0.974120713653974,
,,,0.0188557286575,3.34448491351213,0.974120713653974,
,,,0.01889843699,3.34448491351213,0.975376995047554,
,,,0.0189411453225,3.34574119490571,0.974120713653974,
,,,0.018983853655,3.34574119490571,0.974120713653974,
,,,0.0190265619875,3.34699747629929,0.975376995047554,
,,,0.01906927032,3.34699747629929,0.974120713653974,
,,,0.0191119786525,3.34699747629929,0.974120713653974,
,,,0.019154686985,3.34825375769287,0.975376995047554,
,,,0.0191973953175,3.34951003908645,0.975376995047554,
,,,0.01924010365,3.34951003908645,0.975376995047554,
,,,0.0192828119825,3.35076632048003,0.974120713653974,
,,,0.019325520315,3.35076632048003,0.976633276441135,
,,,0.0193682286475,3.35076632048003,0.975376995047554,
,,,0.01941093698,3.35202260187361,0.975376995047554,
,,,0.0194536453125,3.35327888326719,0.975376995047554,
,,,0.019496353645,3.35327888326719,0.975376995047554,
,,,0.0195390619775,3.35453516466077,0.975376995047554,
,,,0.01958177031,3.35453516466077,0.975376995047554,
,,,0.0196244786425,3.35579144605435,0.976633276441135,
,,,0.019667186975,3.35579144605435,0.976633276441135,
,,,0.0197098953075,3.35704772744793,0.975376995047554,
,,,0.01975260364,3.35704772744793,0.975376995047554,
,,,0.0197953119725,3.35830400884151,0.975376995047554,
,,,0.019838020305,3.35830400884151,0.975376995047554,
,,,0.0198807286375,3.35956029023509,0.974120713653974,
,,,0.01992343697,3.35956029023509,0.975376995047554,
,,,0.0199661453025,3.35830400884151,0.974120713653974,
,,,0.020008853635,3.35956029023509,0.975376995047554,
,,,0.0200515619675,3.35956029023509,0.975376995047554,
,,,0.0200942703,3.36081657162867,0.976633276441135,
,,,0.0201369786325,3.36081657162867,0.975376995047554,
,,,0.020179686965,3.36207285302226,0.975376995047554,
,,,0.0202223952975,3.36207285302226,0.975376995047554,
,,,0.02026510363,3.36332913441584,0.975376995047554,
,,,0.0203078119625,3.36332913441584,0.975376995047554,
,,,0.020350520295,3.36458541580942,0.975376995047554,
,,,0.0203932286275,3.36458541580942,0.975376995047554,
,,,0.02043593696,3.365841697203,0.976633276441135,
,,,0.0204786452925,3.365841697203,0.976633276441135,
,,,0.020521353625,3.36709797859658,0.975376995047554,
,,,0.0205640619575,3.365841697203,0.975376995047554,
,,,0.02060677029,3.36709797859658,0.974120713653974,
,,,0.0206494786225,3.36835425999016,0.975376995047554,
,,,0.020692186955,3.36835425999016,0.975376995047554,
,,,0.0207348952875,3.36961054138374,0.975376995047554,
,,,0.02077760362,3.36961054138374,0.975376995047554,
,,,0.0208203119525,3.37086682277732,0.975376995047554,
,,,0.020863020285,3.37086682277732,0.975376995047554,
,,,0.0209057286175,3.37086682277732,0.975376995047554,
,,,0.02094843695,3.37086682277732,0.975376995047554,
,,,0.0209911452825,3.37337938556448,0.975376995047554,
,,,0.021033853615,3.37337938556448,0.975376995047554,
,,,0.0210765619475,3.37337938556448,0.975376995047554,
,,,0.02111927028,3.37337938556448,0.975376995047554,
,,,0.0211619786125,3.37463566695806,0.975376995047554,
,,,0.021204686945,3.37589194835164,0.975376995047554,
,,,0.0212473952775,3.37589194835164,0.974120713653974,
,,,0.02129010361,3.37589194835164,0.974120713653974,
,,,0.0213328119425,3.37714822974522,0.974120713653974,
,,,0.021375520275,3.37714822974522,0.975376995047554,
,,,0.0214182286075,3.3784045111388,0.975376995047554,
,,,0.02146093694,3.37966079253238,0.975376995047554,
,,,0.0215036452725,3.37966079253238,0.974120713653974,
,,,0.021546353605,3.37966079253238,0.975376995047554,
,,,0.0215890619375,3.37966079253238,0.975376995047554,
,,,0.02163177027,3.38091707392596,0.976633276441135,
,,,0.0216744786025,3.38217335531954,0.975376995047554,
,,,0.021717186935,3.38091707392596,0.975376995047554,
,,,0.0217598952675,3.38342963671312,0.976633276441135,
,,,0.0218026036,3.38217335531954,0.974120713653974,
,,,0.0218453119325,3.38342963671312,0.975376995047554,
,,,0.021888020265,3.38342963671312,0.975376995047554,
,,,0.0219307285975,3.3846859181067,0.976633276441135,
,,,0.02197343693,3.3846859181067,0.974120713653974,
,,,0.0220161452625,3.38594219950028,0.975376995047554,
,,,0.022058853595,3.38594219950028,0.974120713653974,
,,,0.0221015619275,3.38594219950028,0.975376995047554,
,,,0.02214427026,3.38719848089386,0.974120713653974,
,,,0.0221869785925,3.38719848089386,0.974120713653974,
,,,0.022229686925,3.38845476228744,0.974120713653974,
,,,0.0222723952575,3.38971104368102,0.975376995047554,
,,,0.02231510359,3.38971104368102,0.974120713653974,
,,,0.0223578119225,3.3909673250746,0.975376995047554,
,,,0.022400520255,3.39222360646818,0.975376995047554,
,,,0.0224432285875,3.39222360646818,0.974120713653974,
,,,0.02248593692,3.39222360646818,0.974120713653974,
,,,0.0225286452525,3.39347988786176,0.974120713653974,
,,,0.022571353585,3.39347988786176,0.974120713653974,
,,,0.0226140619175,3.39347988786176,0.972864432260394,
,,,0.02265677025,3.39347988786176,0.974120713653974,
,,,0.0226994785825,3.39347988786176,0.974120713653974,
,,,0.022742186915,3.39473616925534,0.975376995047554,
,,,0.0227848952475,3.39473616925534,0.974120713653974,
,,,0.02282760358,3.39599245064892,0.974120713653974,
,,,0.0228703119125,3.3972487320425,0.974120713653974,
,,,0.022913020245,3.39599245064892,0.975376995047554,
,,,0.0229557285775,3.39850501343608,0.974120713653974,
,,,0.02299843691,3.39850501343608,0.974120713653974,
,,,0.0230411452425,3.39976129482966,0.975376995047554,
,,,0.023083853575,3.39850501343608,0.975376995047554,
,,,0.0231265619075,3.39850501343608,0.974120713653974,
,,,0.02316927024,3.39850501343608,0.975376995047554,
,,,0.0232119785725,3.39976129482966,0.975376995047554,
,,,0.023254686905,3.40101757622324,0.974120713653974,
,,,0.0232973952375,3.40101757622324,0.975376995047554,
,,,0.02334010357,3.40227385761682,0.974120713653974,
,,,0.0233828119025,3.40227385761682,0.974120713653974,
,,,0.023425520235,3.40227385761682,0.975376995047554,
,,,0.0234682285675,3.40227385761682,0.975376995047554,
,,,0.0235109369,3.4035301390104,0.974120713653974,
,,,0.0235536452325,3.40604270179756,0.975376995047554,
,,,0.023596353565,3.40604270179756,0.974120713653974,
,,,0.0236390618975,3.40604270179756,0.974120713653974,
,,,0.02368177023,3.40604270179756,0.974120713653974,
,,,0.0237244785625,3.40855526458472,0.974120713653974,
,,,0.023767186895,3.40855526458472,0.972864432260394,
,,,0.0238098952275,3.40855526458472,0.974120713653974,
,,,0.02385260356,3.4098115459783,0.974120713653974,
,,,0.0238953118925,3.4098115459783,0.974120713653974,
,,,0.023938020225,3.41106782737188,0.974120713653974,
,,,0.0239807285575,3.4098115459783,0.974120713653974,
,,,0.02402343689,3.4098115459783,0.974120713653974,
,,,0.0240661452225,3.41106782737188,0.975376995047554,
,,,0.024108853555,3.41232410876546,0.974120713653974,
,,,0.0241515618875,3.41106782737188,0.974120713653974,
,,,0.02419427022,3.41358039015904,0.974120713653974,
,,,0.0242369785525,3.41232410876546,0.974120713653974,
,,,0.024279686885,3.41358039015904,0.972864432260394,
,,,0.0243223952175,3.41483667155262,0.974120713653974,
,,,0.02436510355,3.41483667155262,0.974120713653974,
,,,0.0244078118825,3.41483667155262,0.975376995047554,
,,,0.024450520215,3.4160929529462,0.974120713653974,
,,,0.0244932285475,3.41734923433978,0.974120713653974,
,,,0.02453593688,3.41734923433978,0.975376995047554,
,,,0.0245786452125,3.41860551573336,0.974120713653974,
,,,0.024621353545,3.41860551573336,0.974120713653974,
,,,0.0246640618775,3.41860551573336,0.974120713653974,
,,,0.02470677021,3.41860551573336,0.974120713653974,
,,,0.0247494785425,3.41986179712694,0.972864432260394,
,,,0.024792186875,3.41986179712694,0.974120713653974,
,,,0.0248348952075,3.41986179712694,0.972864432260394,
,,,0.02487760354,3.42111807852052,0.974120713653974,
,,,0.0249203118725,3.4223743599141,0.975376995047554,
,,,0.024963020205,3.4223743599141,0.974120713653974,
,,,0.0250057285375,3.42363064130768,0.975376995047554,
,,,0.02504843687,3.4223743599141,0.974120713653974,
,,,0.0250911452025,3.42363064130768,0.974120713653974,
,,,0.025133853535,3.42363064130768,0.972864432260394,
,,,0.0251765618675,3.42488692270126,0.974120713653974,
,,,0.0252192702,3.42488692270126,0.975376995047554,
,,,0.0252619785325,3.42614320409484,0.974120713653974,
,,,0.025304686865,3.42739948548842,0.974120713653974,
,,,0.0253473951975,3.42614320409484,0.974120713653974,
,,,0.02539010353,3.42739948548842,0.974120713653974,
,,,0.0254328118625,3.428655766882,0.974120713653974,
,,,0.025475520195,3.428655766882,0.974120713653974,
,,,0.0255182285275,3.42991204827558,0.974120713653974,
,,,0.02556093686,3.42991204827558,0.974120713653974,
,,,0.0256036451925,3.43116832966916,0.974120713653974,
,,,0.025646353525,3.43116832966916,0.974120713653974,
,,,0.0256890618575,3.43116832966916,0.974120713653974,
,,,0.02573177019,3.43116832966916,0.974120713653974,
,,,0.0257744785225,3.43116832966916,0.974120713653974,
,,,0.025817186855,3.43368089245632,0.974120713653974,
,,,0.0258598951875,3.43242461106274,0.974120713653974,
,,,0.02590260352,3.43242461106274,0.974120713653974,
,,,0.0259453118525,3.43242461106274,0.974120713653974,
,,,0.025988020185,3.4349371738499,0.974120713653974,
,,,0.0260307285175,3.4349371738499,0.974120713653974,
,,,0.02607343685,3.43619345524348,0.972864432260394,
,,,0.0261161451825,3.43619345524348,0.972864432260394,
,,,0.026158853515,3.43744973663706,0.972864432260394,
,,,0.0262015618475,3.43744973663706,0.974120713653974,
,,,0.02624427018,3.43744973663706,0.972864432260394,
,,,0.0262869785125,3.43870601803064,0.972864432260394,
,,,0.026329686845,3.43996229942422,0.972864432260394,
,,,0.0263723951775,3.43996229942422,0.974120713653974,
,,,0.02641510351,3.43996229942422,0.972864432260394,
,,,0.0264578118425,3.4412185808178,0.972864432260394,
,,,0.026500520175,3.4412185808178,0.974120713653974,
,,,0.0265432285075,3.4412185808178,0.974120713653974,
,,,0.02658593684,3.44247486221138,0.972864432260394,
,,,0.0266286451725,3.44247486221138,0.974120713653974,
,,,0.026671353505,3.44373114360496,0.972864432260394,
,,,0.0267140618375,3.44373114360496,0.972864432260394,
,,,0.02675677017,3.44498742499854,0.972864432260394,
,,,0.0267994785025,3.44498742499854,0.972864432260394,
,,,0.026842186835,3.44624370639212,0.974120713653974,
,,,0.0268848951675,3.44624370639212,0.974120713653974,
,,,0.0269276035,3.4474999877857,0.974120713653974,
,,,0.0269703118325,3.4474999877857,0.974120713653974,
,,,0.027013020165,3.44875626917928,0.974120713653974,
,,,0.0270557284975,3.44875626917928,0.974120713653974,
,,,0.02709843683,3.44875626917928,0.972864432260394,
,,,0.0271411451625,3.45001255057286,0.972864432260394,
,,,0.027183853495,3.45126883196644,0.974120713653974,
,,,0.0272265618275,3.45001255057286,0.972864432260394,
,,,0.02726927016,3.45001255057286,0.972864432260394,
,,,0.0273119784925,3.45252511336003,0.972864432260394,
,,,0.027354686825,3.45252511336003,0.974120713653974,
,,,0.0273973951575,3.45378139475361,0.974120713653974,
,,,0.02744010349,3.45503767614719,0.972864432260394,
,,,0.0274828118225,3.45378139475361,0.975376995047554,
,,,0.027525520155,3.45503767614719,0.974120713653974,
,,,0.0275682284875,3.45378139475361,0.972864432260394,
,,,0.02761093682,3.45503767614719,0.972864432260394,
,,,0.0276536451525,3.45378139475361,0.974120713653974,
,,,0.027696353485,3.45629395754077,0.972864432260394,
,,,0.0277390618175,3.45755023893435,0.974120713653974,
,,,0.02778177015,3.45755023893435,0.972864432260394,
,,,0.0278244784825,3.45880652032793,0.974120713653974,
,,,0.027867186815,3.45880652032793,0.972864432260394,
,,,0.0279098951475,3.45880652032793,0.972864432260394,
,,,0.02795260348,3.46006280172151,0.972864432260394,
,,,0.0279953118125,3.46131908311509,0.972864432260394,
,,,0.028038020145,3.46006280172151,0.971608150866814,
,,,0.0280807284775,3.46006280172151,0.972864432260394,
,,,0.02812343681,3.46131908311509,0.974120713653974,
,,,0.0281661451425,3.46257536450867,0.972864432260394,
,,,0.028208853475,3.46383164590225,0.972864432260394,
,,,0.0282515618075,3.46257536450867,0.972864432260394,
,,,0.02829427014,3.46383164590225,0.971608150866814,
,,,0.0283369784725,3.46383164590225,0.972864432260394,
,,,0.028379686805,3.46383164590225,0.971608150866814,
,,,0.0284223951375,3.46508792729583,0.972864432260394,
,,,0.02846510347,3.46508792729583,0.972864432260394,
,,,0.0285078118025,3.46508792729583,0.972864432260394,
,,,0.028550520135,3.46760049008299,0.972864432260394,
,,,0.0285932284675,3.46760049008299,0.972864432260394,
,,,0.0286359368,3.46760049008299,0.972864432260394,
,,,0.0286786451325,3.46760049008299,0.972864432260394,
,,,0.028721353465,3.46885677147657,0.972864432260394,
,,,0.0287640617975,3.46885677147657,0.972864432260394,
,,,0.02880677013,3.47011305287015,0.972864432260394,
,,,0.0288494784625,3.46885677147657,0.974120713653974,
,,,0.028892186795,3.47136933426373,0.974120713653974,
,,,0.0289348951275,3.47136933426373,0.974120713653974,
,,,0.02897760346,3.47136933426373,0.974120713653974,
,,,0.0290203117925,3.47262561565731,0.972864432260394,
,,,0.029063020125,3.47388189705089,0.971608150866814,
,,,0.0291057284575,3.47388189705089,0.971608150866814,
,,,0.02914843679,3.47388189705089,0.972864432260394,
,,,0.0291911451225,3.47513817844447,0.972864432260394,
,,,0.029233853455,3.47513817844447,0.974120713653974,
,,,0.0292765617875,3.47639445983805,0.974120713653974,
,,,0.02931927012,3.47513817844447,0.972864432260394,
,,,0.0293619784525,3.47639445983805,0.972864432260394,
,,,0.029404686785,3.47639445983805,0.972864432260394,
,,,0.0294473951175,3.47765074123163,0.971608150866814,
,,,0.02949010345,3.47765074123163,0.972864432260394,
,,,0.0295328117825,3.47765074123163,0.972864432260394,
,,,0.029575520115,3.47890702262521,0.974120713653974,
,,,0.0296182284475,3.47890702262521,0.974120713653974,
,,,0.02966093678,3.48016330401879,0.974120713653974,
,,,0.0297036451125,3.48141958541237,0.972864432260394,
,,,0.029746353445,3.48141958541237,0.972864432260394,
,,,0.0297890617775,3.48141958541237,0.972864432260394,
,,,0.02983177011,3.48141958541237,0.972864432260394,
,,,0.0298744784425,3.48141958541237,0.972864432260394,
,,,0.029917186775,3.48267586680595,0.972864432260394,
,,,0.0299598951075,3.48267586680595,0.974120713653974,
,,,0.03000260344,1.33443468378391,0.188944842666388,
,,,0.0300453117725,0.644736198708415,0.0155780103523284,
,,,0.030088020105,0.644736198708415,0.0155780103523284,
,,,0.0301307284375,0.644736198708415,0.0155780103523284,
,,,0.03017343677,0.644736198708415,0.0168342917459086,
,,,0.0302161451025,0.644736198708415,0.0155780103523284,
,,,0.030258853435,0.644736198708415,0.0168342917459086,
,,,0.0303015617675,0.644736198708415,0.0155780103523284,
,,,0.0303442701,0.644736198708415,0.0168342917459086,
,,,0.0303869784325,0.644736198708415,0.0168342917459086,
,,,0.030429686765,0.644736198708415,0.0168342917459086,
,,,0.0304723950975,0.644736198708415,0.0155780103523284,
,,,0.03051510343,0.644736198708415,0.0155780103523284,
,,,0.0305578117625,0.644736198708415,0.0168342917459086,
,,,0.030600520095,0.644736198708415,0.0155780103523284,
,,,0.0306432284275,0.644736198708415,0.0168342917459086,
,,,0.03068593676,0.644736198708415,0.0168342917459086,
,,,0.0307286450925,0.644736198708415,0.0168342917459086,
,,,0.030771353425,0.644736198708415,0.0180905731394887,
,,,0.0308140617575,0.644736198708415,0.0168342917459086,
,,,0.03085677009,0.644736198708415,0.0168342917459086,
,,,0.0308994784225,0.644736198708415,0.0168342917459086,
,,,0.030942186755,0.644736198708415,0.0168342917459086,
,,,0.0309848950875,0.644736198708415,0.0168342917459086,
,,,0.03102760342,0.644736198708415,0.0180905731394887,
,,,0.0310703117525,0.644736198708415,0.0168342917459086,
,,,0.031113020085,0.644736198708415,0.0155780103523284,
,,,0.0311557284175,0.644736198708415,0.0168342917459086,
,,,0.03119843675,0.644736198708415,0.0168342917459086,
,,,0.0312411450825,0.644736198708415,0.0168342917459086,
,,,0.031283853415,0.644736198708415,0.0168342917459086,
,,,0.0313265617475,0.644736198708415,0.0168342917459086,
,,,0.03136927008,0.644736198708415,0.0155780103523284,
,,,0.0314119784125,0.644736198708415,0.0168342917459086,
,,,0.031454686745,0.644736198708415,0.0168342917459086,
,,,0.0314973950775,0.644736198708415,0.0168342917459086,
,,,0.03154010341,0.644736198708415,0.0168342917459086,
,,,0.0315828117425,0.644736198708415,0.0168342917459086,
,,,0.031625520075,0.644736198708415,0.0155780103523284,
,,,0.0316682284075,0.644736198708415,0.0168342917459086,
,,,0.03171093674,0.644736198708415,0.0180905731394887,
,,,0.0317536450725,0.644736198708415,0.0168342917459086,
,,,0.031796353405,0.644736198708415,0.0168342917459086,
,,,0.0318390617375,0.644736198708415,0.0155780103523284,
,,,0.03188177007,0.644736198708415,0.0168342917459086,
,,,0.0319244784025,0.644736198708415,0.0168342917459086,
,,,0.031967186735,0.644736198708415,0.0168342917459086,
,,,0.0320098950675,0.644736198708415,0.0180905731394887,
,,,0.0320526034,0.644736198708415,0.0180905731394887,
,,,0.0320953117325,0.644736198708415,0.0168342917459086,
,,,0.032138020065,0.644736198708415,0.0168342917459086,
,,,0.0321807283975,0.644736198708415,0.0168342917459086,
,,,0.03222343673,0.644736198708415,0.0168342917459086,
,,,0.0322661450625,0.644736198708415,0.0168342917459086,
,,,0.032308853395,0.644736198708415,0.0168342917459086,
,,,0.0323515617275,0.644736198708415,0.0168342917459086,
,,,0.03239427006,0.644736198708415,0.0168342917459086,
,,,0.0324369783925,0.644736198708415,0.0180905731394887,
,,,0.032479686725,0.644736198708415,0.0168342917459086,
,,,0.0325223950575,0.644736198708415,0.0180905731394887,
,,,0.03256510339,0.644736198708415,0.0168342917459086,
,,,0.0326078117225,0.644736198708415,0.0168342917459086,
,,,0.032650520055,0.644736198708415,0.0168342917459086,
,,,0.0326932283875,0.644736198708415,0.0168342917459086,
,,,0.03273593672,0.644736198708415,0.0168342917459086,
,,,0.0327786450525,0.644736198708415,0.0168342917459086,
,,,0.032821353385,0.644736198708415,0.0180905731394887,
,,,0.0328640617175,0.644736198708415,0.0180905731394887,
,,,0.03290677005,0.644736198708415,0.0180905731394887,
,,,0.0329494783825,0.644736198708415,0.0168342917459086,
,,,0.032992186715,0.644736198708415,0.0168342917459086,
,,,0.0330348950475,0.644736198708415,0.0168342917459086,
,,,0.03307760338,0.644736198708415,0.0155780103523284,
,,,0.0331203117125,0.644736198708415,0.0168342917459086,
,,,0.033163020045,0.644736198708415,0.0168342917459086,
,,,0.0332057283775,0.644736198708415,0.0168342917459086,
,,,0.03324843671,0.644736198708415,0.0180905731394887,
,,,0.0332911450425,0.644736198708415,0.0168342917459086,
,,,0.033333853375,0.644736198708415,0.0168342917459086,
,,,0.0333765617075,0.644736198708415,0.0180905731394887,
,,,0.03341927004,0.644736198708415,0.0168342917459086,
,,,0.0334619783725,0.644736198708415,0.0168342917459086,
,,,0.033504686705,0.644736198708415,0.0168342917459086,
,,,0.0335473950375,0.644736198708415,0.0168342917459086,
,,,0.03359010337,0.644736198708415,0.0168342917459086,
,,,0.0336328117025,0.644736198708415,0.0168342917459086,
,,,0.033675520035,0.644736198708415,0.0168342917459086,
,,,0.0337182283675,0.644736198708415,0.0168342917459086,
